,Author Name,Review Date,Reviewer Ratings,Review Body,Developer Reply,Review Likes
1,蘇于葶,2019年6月3日,4, 在家叫外送好輕鬆～快輸入我的優惠碼96077188就可獲得《有無快送》首購折抵NT$100優惠券,,0
2,S Lin,2019年5月25日,5, 新朋友請輸入推薦優惠碼：04574846，可以獲得折扣優惠喔；美食店家、外送服務…，現在運作上面都進步很多^^大家一起來點餐外送吧～,,17
3,張玉琳,2019年6月1日,1, 新店市區不在服務範圍內……可惜~本想換別家試試，程式中的貨到付款的交易，方便無信用卡的人使用~這點很方便！,,0
4,Vivian yang,2019年6月3日,3, 不錯用，外送很快。但地址搜尋有問題，打松山區地圖確一直跑出松山鎮，改都改不了，結帳時又說地址有誤，無法結帳，請盡快改善。,,1
5,Daniel Chi,2019年5月28日,4, 輸入 81655932 即可獲得優惠券哦,,1
6,王士哲,2019年6月1日,5, 這行銷專員瘋了吧，輸入優惠碼59621161，即可獲得100元優惠券，不賺白不賺！！！真的很划算！！！！！,,46
7,Stacey Lin,2019年5月21日,5, 在家叫外送好輕鬆～快輸入我的優惠碼80192961就可獲得《有無外送》首購折抵NT$100優惠券，兌換後30天內都可以使用，快來訂餐享好康！(限北北桃地區),,2
8,簡維尼,2019年5月30日,5, 在家叫外送好輕鬆～快輸入我的優惠碼82118584就可獲得《有無外送》首購折抵NT$100優惠券，兌換後30天內都可以使用，快來訂餐享好康！(限北北桃地區）,,0
9,喵嗚,2019年6月5日,5, 首購輸入優惠碼98965524就可獲得折抵NT$100優惠券,,0
10,楊娟尊,2019年5月28日,5, 輸入我的優惠碼00289978首購滿200折100唷~,,0
11,Amber Huang,2019年6月1日,5, 優惠碼38808460就可獲得《有無外送》首購折抵NT$100優惠券,,0
12,Claire Ch,2019年5月28日,5, 客服態度良好反應迅速，遲到有補償折價券很有誠意，騎士態度良好,,0
13,Focus K,2019年5月30日,2, 根本不在服務區域內，優惠瑪根本白用= =,,5
14,Suchi Lin,2019年5月28日,5, 輸入優惠碼：30584603，購滿200元，可享餐點100元折扣優惠，打幾個數字現省100元唷…✌,,1
15,JO-CHYI LAY,2019年5月21日,5, 外送時程清楚呈現，外送員服務佳，整體而言，APP不錯用。,,1
16,元氣排長,2019年6月3日,4, 希望移除已經歇業店家,,0
17,Yu-hua Hsieh,2019年5月28日,5, 遲到有給補償，客服回應迅速，騎士態度良好,,0
18,琇琇,2019年5月22日,5, 輸入64734665，即可折抵$100元唷~,,1
19,蔡松翰,2019年6月1日,5, 不用怕訂單取消,,0
20,李沁潔,2019年5月24日,5, 服務好，送貨速度很快,,0
21,dynamic boy eric,2019年5月31日,5, 還不錯！,,0
22,吳水來,2019年5月29日,5, 好用方便,,0
23,張米米,2019年5月30日,5, 蘆竹街有送，超級感動。,,0
24,張純瑋,2019年6月2日,5, 使用方便，很容易上手。,,0
25,張春振,2019年5月20日,5, 準時送達,,1
26,小鮮肉,2019年5月28日,5, 好用,,0
27,甄甄王,2019年5月26日,5, 好用,,0
28,陳貞諺,2019年5月25日,5, 方便 快速,,0
29,Meng-Ting Wang,2019年5月28日,5, 好用,,0
30,呂野貓,2019年5月22日,5, 方便,,1
31,捲毛博士,2019年5月26日,5, 讚,,0
32,WZ wong,2019年5月26日,5, 讚,,0
33,宮欽宏,2019年5月29日,5, 不錯,,0
34,Momo Ko,2019年5月29日,5, 😊,,0
35,Anthea lee,2019年5月20日,5, 輸入優惠推薦碼12673516 ，首次體驗有無快送可享200元折100元首購優惠喔，謝謝您,有無科技2018年4月24日(^y^),9
36,陳思蓉,2019年5月3日,5, 對住院病人來說非常方便，希望可以再增加服務區域與店家~!造福更多不方便出門的人~!謝謝。,,14
37,謝佩妤,2019年5月21日,3, 只能有大概的到達時間不方便,有無科技2019年5月23日編會轉給相關單位呦★,0
38,Jason Lin,2019年5月1日,5, 雖然先前沒按時程提前運送，但立即更正，客服效率高,,6
39,蔡孟哲,2019年5月12日,3, 外送速度有待改善,有無科技2019年5月17日很抱歉ಥ_ಥ我們會盡快改善,1
40,Yenling Li,2019年5月5日,5, 好用！服務人員親切！只是店家選擇較少,有無科技2019年5月10日您好~想關單位會持續開發新店家唷 希望之後有您喜歡的店家加入本平台♥,3
41,李詩婷,2019年5月6日,3, 没有早餐外送，常常找零的准备不足,有無科技2019年5月10日很抱歉造成您的困擾!!找錢部分~小編會請相關單位轉達騎士改進,12
42,jane ho,2019年5月9日,5, 時間抓的很好,,1
43,安萬,2019年5月19日,1, 彰濱工業區不送是怎樣，以為沒有人會上班是不是,有無科技2019年5月23日很抱歉彰化不在服務範圍內唷,0
44,陳彥蓉,2019年5月4日,4, 可提前預約外送時間，很方便,,0
45,杜佳樺,2019年5月21日,5, 真的超方便，服務態度又棒 這次家人住院，真的很方便,,0
46,陳怡靜,2019年4月29日,1, 更新完成完全無法登入,有無科技2019年5月4日咦🤔可以嘗試重新下載App試試,3
47,莊佳瑩,2019年5月6日,1, 我這裡沒有提供外送 😢,有無科技2019年5月10日您好~您位在哪一區呢?目前採部分區域開放喔,0
48,riri love,2019年5月26日,4, 無運送現況，不知道送到哪,,0
49,陳則瑋,2019年5月10日,1, 很爛的程式，還沒設計好就不要先上架嘛！,有無科技2019年5月10日您好~若app有不完善的地方可至line@跟編提出您的意見唷,0
50,kaka Lee,2019年5月12日,5, 簡單方便，希望能夠有更多選擇,,0
51,潘郁婷,2019年5月18日,5, 05337108 優惠卷100元,,0
52,Joyce Liu,2019年5月19日,5, 快速到達餐點美味,,0
53,Xiangqi Huang,2019年5月19日,5, 第一次用 還蠻迅速,,0
54,涂芙蓉,2019年4月30日,4, 讚!只是餐點選擇有點少!,,3
55,Ann Yang,2019年5月11日,5, 第一次使用，感覺還不錯，會再繼續使用^^,有無科技2019年5月17日謝謝您\(≧▽≦)/,1
56,黃士頎,2019年5月4日,5, 餐廳味道價格實在,,0
57,胡惠雯,2019年5月13日,5, 真的不錯~~~外送員態度也很好，選擇也多,有無科技2019年5月17日謝謝您(˶‾᷄ ⁻̫ ‾᷅˵),0
58,KT SKT,2019年5月19日,5, 非常好用！請繼續保持，謝謝！,,0
59,洪Ivy,2019年5月17日,3, 不會用,有無科技2019年5月23日若是使用上有問題可到LINE@詢問小編唷~~~,0
60,艾斯李李,2019年5月17日,5, 很好用,,0
61,柯永年,2019年5月14日,5, 很方便，準時,,0
62,梁映敏,2019年5月6日,4, 很方便,,0
63,廖士傑,2019年5月9日,5, 很好吃,,0
64,sky912812,2019年5月10日,5, 非常好,,0
65,陳勝鴻,2019年5月21日,5, 很方便,,0
66,忞慈李,2019年5月4日,5, 方便，快速,,0
67,Enzo Cheng,2019年5月15日,5, 好用~,"有無科技2018年3月5日Dear Enzo,

(,,・ω・,,)",0
68,廖淑瑤,2019年5月13日,5, 快速.準時.,,0
69,Bao kuan Chiu,2019年5月16日,5, 很棒哦,"有無科技2018年2月4日Dear Bao kuan，

非常感謝你的支持與愛護ლ(・´ｪ`・ლ)
如果有任何建議(´▽`ʃ♡ƪ)""
一定要跟小編說｡:.ﾟヽ(*´∀`)ﾉﾟ.:｡",1
70,kai wei,2019年4月30日,5, 棒,,0
71,哈勇宜宛,2019年5月1日,5, 讚,,1
72,景李,2019年5月5日,5, 讚,,0
73,Jimmy Chen,2019年5月7日,5, 好用,,0
74,lashbalori phoebe,2019年5月8日,5, go,,0
75,Jinelove Lin,2019年5月12日,5, 讚,,0
76,林昇旭,2019年5月14日,5, 讚,,0
77,chen alex,2019年5月14日,5, 不錯,,0
78,林嘉祝,2019年5月19日,5, 讚,,0
79,王Sonia,2019年5月1日,5, 😘,,0
80,林鈺祥,2019年5月5日,5, ♥,,0
81,詹小魚,2019年4月26日,4, 希望可以優化揪團，讓其他訂購人可以直接選取商品後加入即可，不用再輸入驗證碼或是資料,,6
82,About__ Kira,2019年4月21日,4, 希望地圖回來，有地圖可以提早做準備下樓領取餐點，替自己跟外送員節省時間ಠ~ಠ,有無科技2019年4月24日摁摁！編會將您的建議轉給相關單位參考,2
83,張婕妤,2019年4月8日,2, 為什麼 運費漲價了 30變39 未滿百 就139 滿百就149 我1個人也點不了599阿 還是說 這只是因為節日關係 所以 未改回 還是已經固定了 如果 真的固定 那我就真的沒辦法繼續用了,有無科技2019年4月16日您好 運費部分於4/1起調漲為39元喔,10
84,shangwen lee,2019年4月15日,1, app裝了半年多，五股區還沒支援外送，除了釋放手機空間外，想不到這app好用在哪！？根本沒體驗到，可惜還得給星，0 體驗應該是 0 顆星，掰,有無科技2019年4月16日不好意思～目前仍採開放部分區域唷！,2
85,minchun Yu,2019年4月13日,3, 沒有路線圖，另一家餐點晚送出都到了！另一家飲料比餐點晚到了25分鐘！我在樓下罰站了25分才到，早知道先上樓吃飯。,有無科技2019年4月16日您好 可以透過LINE@請小編確認訂單狀態唷！地圖部分是近期撤掉的～造成您的困擾很抱歉,0
86,Penny Lin,2019年3月29日,2, 外送訂單協調方面可以再進步,有無科技2019年3月29日好的～編會轉給相關單位😌若有任何不足的地方可至LINE@跟編反應唷,1
87,李書品,2019年4月4日,5, 非常方便，大推，只是淡水紅樹林這區，配合的店家少了些，加油，有更多店家加入會更棒。,有無科技2019年4月6日您好～有喜歡的店家可以推薦給我們唷(˶‾᷄ ⁻̫ ‾᷅˵),1
88,意隨,2019年4月7日,1, 5星很簡單 便宜免運就有了,有無科技2019年4月6日ಥ_ಥ,0
89,許琬顰,2019年4月8日,5, 外送人員親切 送餐速度快 還可以貨到付款 值得推薦,,1
90,林美琳,2019年4月28日,5, 快速服務好,,0
91,陳槑,2019年4月4日,1, 士林區 無外送服務,有無科技2019年4月4日您好 目前皆採部分開放唷~,1
92,許哲維,2019年3月30日,5, 快輸入我的優惠碼85899389 首購折抵NT$100優惠券,,17
93,張曼瑄,2019年4月24日,5, 在家叫外送好輕鬆～快輸入我的優惠碼84343520就可獲得《有無外送》首購折抵NT$100優惠券，兌換後30天內都可以使用，快來訂餐享好康！(限北北桃地區),,0
94,L苡苡,2019年4月10日,5, 有無確實挺方便，淡水店家也比較多。完勝熊貓等等外送品牌,,0
95,Daniel Chin,2019年4月3日,5, 北藝大地區附近目前少數可以用的外送App,,3
96,kimi jem,2019年4月21日,2, 外送沒有24小時，選擇越來越少,"有無科技2018年2月5日Dear kimi jem ,
基本上訂餐時間除了跟著餐廳作業之外(*ﾟ∀ﾟ*)
也會隨著天候和人力做調整(｡í _ ì｡)
平台也不喜歡做太大的異動╮(╯_╰)╭
這部分會再跟營運商溝通(´;ω;`)
運費是動態調整(●´ω｀●)ゞ
天氣穩定人力充沛σ(´∀｀*)
運費就會恢復原本費用(≧∀≦)ゞ
如同uber一樣σ(´∀｀*)
尖峰時間沒有司機的狀況下ヾ(●゜▽゜●)♡
uber費用就會比較高一些(・`ω´・)
待一切穩定＼(●´ϖ`●)／
費用就會隨之而降唷ᕦ(ò_óˇ)ᕤ",8
97,東宮太子,2019年4月5日,5, 輸入優惠碼：16863874即可享有100元折扣，超佛心！,,0
98,陳海靜,2019年4月7日,5, 有貨到付款就方便啦，但是希望店家新增多一點謝謝,,0
99,Mia lin,2019年4月5日,2, 每次拿到食物都要等一小時 而且都是冷得，就不想用,有無科技2019年4月6日抱歉造成您不好的使用體驗ಥ_ಥ,3
100,Wu Woosa,2019年4月7日,1, 外送餐廳離送達地點不遠，外送員卻拖了很久才送到…,有無科技2019年4月16日嗚嗚ಥ_ಥ 編會請相關單位留意送達狀況,0
101,黃傑夫,2019年4月11日,5, 北投區關渡一帶，少數可用的美食外送app,,1
102,Vuvuco Huang,2019年3月30日,3, 請輸入我的優惠碼34767015~一起獲得《有無外送》首購折抵NT$100優惠券吧！,,0
103,Yungting Yang,2019年4月27日,5, 有了這app真的方便好多,,1
104,Red Chen,2019年4月8日,4, resonable price but took bit longer time,,0
105,Lee Ryan,2019年4月22日,4, 希望地圖功能恢復 其他還不錯,有無科技2019年4月24日編會將您的建議轉給相關單位參考☺️,0
106,Tsai Bruce,2019年4月29日,5, 加班時吃晚餐的好選擇,,0
107,黃曉鈴,2019年4月21日,5, 快速送達 很方便,,0
108,Ming Ming Lin,2019年4月5日,5, 速度快，食物還是熱的,,1
109,蔡珊寶,2019年3月30日,5, 外送很準時,,0
110,Jack Pu,2019年4月7日,5, 好用! 簡單! 便宜!,,0
111,臧家珣,2019年4月13日,5, 很好用很方便,,0
112,羅祥貴,2019年4月5日,5, 第一次用感覺很讚。,,0
113,是小燚,2019年4月10日,5, 優質好app,,0
114,林大鈞,2019年4月14日,5, 店家選擇多,,0
115,林小宇,2019年4月20日,1, 送很慢,有無科技2019年4月24日可以至LINE@找編追蹤訂單進度唷🤗,0
116,Aaron Su,2019年4月23日,1, 士林捷運附近竟然沒有送，瞧不起士林人??,有無科技2019年4月24日沒有沒有👋我們目前採部分開放唷,0
117,slark krals,2019年5月19日,4," 第一次使用服務，準時，印象不錯，會再""交觀""。",有無科技2019年5月23日謝謝您&gt;~&lt;,0
118,琦琦,2019年5月18日,5, 嗯，還不錯,,0
119,Vivian Wu,2019年4月1日,5, 方便好用,,0
120,Google 使用者,2019年3月31日,5, 很好吃,,0
121,凱弘,2019年4月1日,5, 好用的 app,,0
122,GJ Lin,2019年4月3日,4, 推薦使用,,0
123,張子強,2019年4月8日,5, 服務好,,0
124,張小珍,2019年4月9日,5, 非常方便,,0
125,"影大白吾乃嫡后,吾兒真贏蕩,竟然是假孕",2019年4月16日,5, 貨到付款棒棒,,0
126,Winny Lu,2019年4月17日,5, 服務很好,,0
127,Amy Cheng,2019年4月20日,4, 方便快速,,0
128,朱秀雲,2019年4月25日,5, 很方便,,0
129,Krio,2019年4月21日,5, 輸入68899126就對了~~~~,,0
130,朱芊如,2019年3月28日,4, 很好,,0
131,余沛源,2019年3月29日,5, 爽,,0
132,Alexander Su,2019年3月30日,5, 讚,,0
133,洪順盟,2019年4月4日,5, 好用,,0
134,Cbd Ho,2019年4月14日,4, 讚,,0
135,Jason Li,2019年4月18日,5, 讚,,0
136,甄麒麟,2019年4月20日,5, 不錯,,0
137,陳驥剛,2019年4月23日,5, 讚,,0
138,Niu Niu,2019年4月30日,5, OK,,0
139,Jessica Hu,2019年4月30日,5, 方便,,0
140,葉惟娜,2019年4月19日,1, 訂購5次，成功2次，都是臨時被通知店家不接單取消，今天直接聯繫店家，但店家表示未接到任何有無的訂單，這跟臨時被通知「店家不接單」，落差很大，個人使用的感受不好。,有無科技2019年4月24日您好～可以到LINE@提供訂單編號請小編確認唷🤔,0
141,果鬼,2019年3月24日,5, 68807970這是個減免100ㄉ抵用劵，不用白不用，你用我也有，一起受益ㄅㄏㄏ,,0
142,旅遊者,2019年3月24日,4, 97701481 優惠碼歡迎取用,,0
143,wendy huang,2019年5月4日,5, 第一次用很滿意,,0
144,Google 使用者,2019年3月21日,5, 方便！希望能在多一點好吃的,有無科技2019年3月26日有喜愛的店家可以推薦給我們喲(˶‾᷄ ⁻̫ ‾᷅˵),0
145,怡君陳,2019年4月21日,4, 很方便 選擇性多,,0
146,林宇桑,2019年3月25日,5, 76761318一起來體驗,,0
147,gina wu,2019年3月23日,4, 服務快速，客服有耐心,,0
148,黃芷芸,2019年3月27日,5, 很好用的外送app ！值得推薦👍👍👍,,0
149,林佳瑩,2019年3月24日,3, 中壢沒有送嗎？,有無科技2019年3月26日中壢不在服務範圍內唷(｡･ω･｡),0
150,Google 使用者,2019年3月24日,5, 方便好用,,0
151,家瑋張,2019年3月27日,5, 速度快,,0
152,馮以虹,2019年3月24日,5, 好，用心,,0
153,張小呆,2019年3月31日,5, 方便，美味。,,0
154,Google 使用者,2019年3月23日,5, 方便,,0
155,賴翠彦,2019年3月25日,5, 很棒,,0
156,林糖果,2019年3月26日,5, 速度,,0
157,Google 使用者,2019年3月24日,4, 飯稍硬，其餘………讚!,有無科技2019年3月26日哪家哪家🤔是哪家餐廳的飯稍硬,0
158,安安,2019年3月10日,5, 點炸物不到30分就送到 乾淨而且重點是完全是熱的 運費只要30 這程式太太棒了,有無科技2019年3月19日謝謝您🖤,1
159,Lilllian Chang,2019年3月9日,1, 第一次使用等了快兩小時，叫外送以為方便結果要吃冷掉食物，真的很爛，餐廳出餐不會馬上送來，感覺一個騎士要送很多地方，逾時也不在乎，超級不推薦，想吃冷食物想等到天荒地老的人勇敢使用吧！,有無科技2019年3月10日很抱歉造成您不好的使用體驗😞,2
160,Google 使用者,2019年3月13日,4, 很完美的app，但有時候騎士都超過預定時間才送到希望能改善。,有無科技2019年3月19日好滴🙂編會將您的建議轉達給相關單位,1
161,kan Elva,2019年3月9日,4, 輸入我的優惠碼87326451就可獲得《有無外送》首購折抵NT$100優惠券，兌換後30天內都可以使用喔,,0
162,summerstudy2008,2019年3月16日,5," 有小寶寶後，就一直用這一款App, 在淡水也可以外送美食，謝謝有無外送團隊",,0
163,吳晏伶,2019年3月9日,5, 在家叫外送好輕鬆～快輸入我的優惠碼07566190就可獲得《有無外送》首購折抵NT$100優惠券，兌換後30天內都可以使用，快來訂餐享好康！(限北北桃地區),,0
164,SiSi LIN,2019年3月17日,5, 在家叫外送好輕鬆～快輸入我的優惠碼19791841就可獲得《有無外送》首購折抵NT$100優惠券，兌換後30天內都可以使用，快來訂餐享好康！(限北北桃地區),,0
165,Wendy Chiang,2019年3月7日,5, 第一次使用，竹圍地區有送基本就給五顆星，速度快，服務人員有禮貌,,1
166,毛毛,2019年3月20日,3, 為什麼不能按分享揪團 這個問題有點大 3天了,有無科技2019年3月26日您好～可以至LINE@詢問編哦！編可以幫您解答der◉‿◉,0
167,童欣欣,2019年4月26日,1, 真的很爛，點了飯跟飲料，飯一個多小時送到，飲料快兩小時送達，也都超過到達時間，很爛ˊ,有無科技2019年5月4日真的很抱歉讓您久等了～遇到訂單遲到可撥打客服專線或到LINE@請小編查詢,0
168,Google 使用者,2019年3月18日,1, 太爛了，文山區萬美街沒半間外送，剛下載立馬刪除app,有無科技2019年3月19日您好 文山區目前不在服務範圍內唷～期待之後有機會擴區為您服務(^_^),8
169,林冠宇,2019年3月9日,5, 訂單超過時間，沒有通知需要自己去客服吹單。希望下次訂不會有這樣的疏失，有補償再給你一次機會。,有無科技2019年3月10日謝謝您願意再給我們機會～會持續改進的,0
170,Lin Kathy,2019年3月8日,5, 很方便，偶爾想休息不煮飯的另一種方式。,,1
171,紀桓鈞,2019年3月11日,1, 中壢市未開放點餐,有無科技2019年3月19日您好～桃園目前開放蘆竹南崁及藝文大有區哦🙂,6
172,陳亞璇,2019年3月5日,5, 使用了20幾次，送餐很準時，外送人員服務態度很好,,0
173,ARVIN WANG,2019年3月10日,4, 客服與外送員服務都很好,,0
174,君小夜,2019年3月9日,1, 素食類太少 希望能多一些,有無科技2019年3月10日如果您有喜愛的素食店家～歡迎推薦給我們唷🖤,0
175,鄭雅云,2019年3月3日,5, 使用過5次，送餐準時，服務員態度也不錯！！,,1
176,ckck0921,2019年3月16日,2," 無法設定帳號,送貨地址也一直說找不到算了...",有無科技2019年3月19日您好～可至LINE@私訊小編確認哦！,1
177,胡琬楨,2019年3月9日,4, 希望中和區能再開發更多合作的早餐店!,有無科技2019年3月10日如果您有喜愛的早餐店家～歡迎推薦給我們唷🖤,0
178,伊天凜,2019年3月9日,1, 景美沒有提供外送服務,有無科技2019年3月10日您好 該地區不在服務範圍內唷😌,0
179,Brian Chen,2019年3月15日,3, 配合的店家太少，選擇太少！小吃店，飲料店太多,有無科技2019年3月19日若您有喜歡的餐廳可以推薦給我們哦～～～,1
180,Yilin Lo,2019年3月12日,1, 在台中市西區附近居然連一家外送都沒有??,有無科技2019年3月19日嗚嗚ಥ_ಥ目前台中只開放西屯區唷～希望之後有機會擴區至西區哦,1
181,Yu-Syuan Lin,2019年3月9日,5, 篩選條件能更多一點就好了，服務費用等等,,0
182,ophelia Wu,2019年3月3日,5, 第一次使用還不錯,,0
183,Ya,2019年3月24日,5, 可以推薦餐廳 服務很好,,0
184,Yu-Mei Liu,2019年3月8日,5, 對自己的疏忽!迅速做了補救~,,1
185,Chihui Chen,2019年3月8日,5, 超愛！可以現金付款！,,1
186,柯貞媛,2019年4月28日,2, 可以選擇店家太少了,有無科技2019年5月4日編會轉達相關單位開發新店家～,0
187,陳如鎔,2019年3月5日,5, 目前使用最好的app,,1
188,wu James,2019年3月10日,5, 很棒的外送服務,,0
189,Google 使用者,2019年3月15日,5, 非常好，接訂單和配送都會提示，很喜歡,,0
190,許玉玟,2019年3月15日,3, 叫了3次，第三次才算順利，還不錯,有無科技2019年3月19日如果有不足的地方都可即時至LINE@跟小編反應唷(˶‾᷄ ⁻̫ ‾᷅˵),0
191,蔡元賓,2019年3月10日,5, 值得推薦!!,,0
192,kairu zeng,2019年3月10日,1, 昨晚就預定餐點 預計11：30～50送達 結果至12：18還沒送到 太扯了！！！！！！！ 後請客服取消訂單 雖有補償$50優惠卷 但評價完就要刪app了 也不會使用😊 大家如果心臟不好 千萬要小心喔😊,有無科技2019年3月19日編很抱歉造成您不好的使用體驗😔希望之後有機會再為您服務,0
193,Jojo Shen,2019年3月6日,5, 操作簡單，運費合理,,0
194,陳昭宏,2019年3月5日,5, 使用蠻方便的,,0
195,林宗甫,2019年3月16日,5, 優惠碼 80751862,,0
196,李翠華,2019年3月18日,5, 客服服務好,,0
197,Google 使用者,2019年3月24日,1, 最糟的訂購經驗,有無科技2019年3月26日怎麼了😱有問題可以到LINE@跟編反應喲,0
198,木舌咖啡職人,2019年3月8日,5, 讚到嫑嫑,,1
199,趙大衛,2019年3月15日,5, 速度快，服務好，會送上樓，讚,,0
200,주소미,2019年3月2日,5, 감사합니다,,1
201,徐玉玲,2019年3月9日,4, 還不錯,,0
202,蔡岑甄,2019年3月10日,5, 系統不錯,,0
203,coling hsu,2019年3月9日,4, 回應快速,,0
204,林瑩津,2019年3月10日,5, 方便，讚！,,0
205,peggy YU,2019年3月16日,4, 服務好,,0
206,Google 使用者,2019年3月19日,5, 不錯喔,,0
207,御小痕,2019年3月9日,1, 範圍小，沒用 。,有無科技2019年3月10日希望之後有機會擴區為您服務🥺不好意思,0
208,洪于捷,2019年3月8日,5, 加油∼,,0
209,Google 使用者,2019年3月8日,5, 棒,,0
210,陳建隆,2019年3月7日,5, 方便,,0
211,Sandy Yu,2019年3月9日,5, 好用,,0
212,Gigi Liu,2019年3月9日,5, 好用,,0
213,逆心,2019年3月20日,5, 好,,0
214,Kevin Lee,2019年3月24日,5, good,,0
215,Google 使用者,2019年3月24日,5, 讚,,0
216,Liu Jichang,2019年3月28日,5, good,,0
217,羅小敏,2019年3月7日,4, 👍👍👍,,0
218,Google 使用者,2019年3月6日,5, 😄,,0
219,Hao Chen,2019年1月28日,3, *要求加入關閉推銷優惠通知的功能。 餐廳或騎士誤點超過預計到達的時段，希望能主動提早通知情況，而不是讓客人膽顫心驚地等，深怕餐廳忘記或訂單取消，或是客人必須主動找客服反應才有解答。,"有無科技2018年1月1日Dear Hao Chen,
真是謝謝您寶貴的建議與意見，我們會持續增加店家的種類和數量。 (ง๑ •̀_•́)ง
外送半徑因為餐點美味問題，所以沒有設很大的範圍，會再檢討設定上是否有需要再修改
的地方。 (๑• . •๑)
也希望您下次遇上同樣的騎士追蹤未運作問題，快快到LINE@來跟小編說，小編就可以
馬上請工程師查詢問題出在哪裡囉！ (*´∀`)~♥",20
220,Jackie .C,2019年2月21日,1, 能訂購的餐廳越來越少，客訴的案件也不處理，服務越來越差，我都打了三通電話了，說會處理，年都過了依舊沒得到回覆,有無科技2019年2月21日不好意思～若要客訴可至LINE@反應小編，小編一定會為您轉達相關單位處理,4
221,江怡儒,2019年2月27日,5, 愉快的使用體驗，快遞員很有禮貌，合作的餐廳很好吃，運費合理，而且支援現金交易 終於不用再吃麥當勞了（喜極而泣）,,4
222,Google 使用者,2019年1月19日,5, 很棒的程式 對於我忙工作 沒辦法出門 孩子們終於不用只是吃麥當勞了。。辛苦了 謝謝,,4
223,謝承恩,2019年2月28日,5, 速度快服務很棒就是餐廳少了些，另外如果能多餐廳組合訂購就更棒了,有無科技2019年3月3日好der~相關單位會持續開發新店家唷^_^,2
224,Ciao yun Lai,2019年1月16日,5, 在家叫外送好輕鬆～快輸入我的優惠碼35316270就可獲得《有無快送》首購折抵NT$100優惠券，兌換後30天內都可以使用，快來訂餐享好康！(限北北桃地區),,8
225,Anzar,2019年2月24日,1, 訂了快三小時才送到，客服電話不接，網路客服回應花了超過半小時，平台的疏失非常嚴重，不推薦,有無科技2019年3月3日對不起～編會改善回覆速度der😖所有不足皆會轉給內部改善處理,9
226,夏卡爾,2019年1月19日,1, 之前用過有無幾次，感覺都還不錯。但1/17早上大約九點多點好餐，我們整個公司都在期待午餐，結果有無卻在11點半之後打來說該店最後一天營業，沒有販售餐點，要取消訂單，然後就結束了對話，請問這樣的服務模式，要大家如何繼續消費呢？或許有無也覺得不差我一個客人吧！只是上來抱怨一下,有無科技2019年1月19日對不起(T_T)我們會改善服務品質,1
227,yan w,2019年3月1日,5, 比其他程式好用很多我很喜歡，外送人員跟客服都很有耐心態度超棒的，不過合作選項可以再多，謝謝你們♥,有無科技2019年3月3日相關單位會持續開發新店家der~還請您之後繼續支持有無快送 謝謝🖤,0
228,mika ka,2019年1月27日,5, 輸入折扣碼 67758077 可以幫你省100元喔。 介面使用簡單，可是衛星定位沒有很準，還好還可以自己手動輸入。,,0
229,Erica Lin,2019年1月18日,3, 叫外送好輕鬆 快輸入此組優惠碼”94697055“可享首購優惠$100唷( ¨̮ )期限30天內可使用,,8
230,Amanda Hsu,2019年2月24日,1, 餐點會逾時，平台與配送人員都未通知，真的很爛，客服的回覆也前後不一致，之後不會再用有無訂餐了。 因為今天訂餐的問題，弄的一肚子氣 要用有無訂餐的人，真的要好好考慮一下，請三思,有無科技2019年3月3日小編會轉達內部請客服確實通知～還請您不要捨棄有無快送🥺🥺🥺,0
231,洪郁莉,2019年2月24日,5, 首購輸入優惠碼04707275，購買餐點滿200元，當筆即可扣抵100元，很划算喔！,,0
232,avoncy lin,2019年2月3日,4," 比預期的快很多 ,手機顯示2點11到，結果一點半就到了",,1
233,無神由希,2019年1月31日,1, 可以送到圓通路嗎？我等好久都沒有擴張到這裡欸，一直很想用用看！,有無科技2019年2月1日您好～若您輸入地址後無法查看店家就是不在服務範圍唷！希望之後有機會擴區為您服務🙂,0
234,彭勝輝,2019年1月20日,5, 在家叫外送好輕鬆～快輸入我的優惠碼29628134就可獲得《有無快送》首購折抵NT$100優惠券，兌換後30天內都可以使用，快來訂餐享好康！(限北北桃地區),,0
235,戀蝶薔薇,2019年1月30日,5, 首購輸入51342961優惠碼，滿200折100喔,,1
236,Sasa Chen,2019年2月22日,5, 在家叫外送好輕鬆～快輸入我的優惠碼57527976就可獲得《有無快送》首購折抵NT$100優惠券，兌換後30天內都可以使用，快來訂餐享好康！(限北北桃地區),,0
237,YU CHEN HUANG,2019年1月20日,5, 在家叫外送好輕鬆～快輸入我的優惠碼40665207就可獲得《有無快送》首購折抵NT$100優惠券，兌換後30天內都可以使用，快來訂餐享好康！(限北北桃地區),,0
238,何先斌,2019年1月26日,5, 在家叫外送好輕鬆～快輸入我的優惠碼37619821就可獲得《有無快送》首購折抵NT$100優惠券，兌換後30天內都可以使用，快來訂餐享好康！(限北北桃地區),,0
239,郁璇,2019年1月27日,4, 態度不錯 準時，可付現，對不喜歡用信用卡的是福音,,1
240,Gary Liu,2019年1月25日,5, 在家叫外送好輕鬆～快輸入我的優惠碼82378175就可獲得《有無快送》首購折抵NT$100優惠券，兌換後30天內都可以使用，快來訂餐享好康！(限北北桃地區),,0
241,莊雅琪,2019年1月23日,5, 在家叫外送好輕鬆～快輸入我的優惠碼27306221就可獲得《有無快送》首購折抵NT$100優惠券，兌換後30天內都可以使用，快來訂餐享好康！(限北北桃地區),,0
242,Phoebe Chen,2019年1月24日,5, 在家叫外送好輕鬆～快輸入我的優惠碼87254936就可獲得《有無快送》首購折抵NT$100優惠券，兌換後30天內都可以使用，快來訂餐享好康！(限北北桃地區),,0
243,潘鼎,2019年2月16日,5, 快輸入我的優惠碼72592479就可獲得《有無快送》首購折抵NT$100優惠券，兌換後30天內都可以使用，快來訂餐享好康！！！！！！！！,,0
244,Helen Wang,2019年1月16日,4, 在家叫外送好輕鬆～快輸入我的優惠碼30258771就可獲得《有無快送》首購折抵NT$100優惠券，兌換後30天內都可以使用，快來訂餐享好康！(限北北桃地區),,0
245,S.H,2019年2月21日,1, 爛 找人有找不到 沒辦法下單,有無科技2019年3月3日是要找誰呢🤔有問題都可以至LINE@詢問喔！小編9:00-21:30都在線上等候您～,3
246,海阔天空,2019年2月1日,5, 支持國產app 希望能和大陸一樣強方便 支援街口支付更方便,,0
247,Anego Lin,2019年1月29日,5, 我家也能訂外送了～～真的超級便利^_^ 快輸入我的優惠碼99260550就可獲得《有無快送》首購折抵NT$100優惠券，兌換後30天內都可以使用，快來訂餐享好康！(限北北桃地區),,0
248,Cosette,2019年2月20日,5, 第一次下載，趕快使用優惠碼78266923，可享100元現金折扣！ 使用方便，送餐迅速，多樣豐富,,0
249,Emily Ye,2019年3月20日,3, 每一間一直都剛好下午沒營業… 是沒人送吧…,有無科技2019年3月26日您位在哪一區呢🤔可以到LINE@請編為您確認哦,1
250,楊濟瑋,2019年2月10日,5, 點右下角 我的>點選上方的優惠碼 輸入 58320957 即可獲得一百元抵用卷 有效期限一個月 「注意要在首次訂單前就輸入！」,,0
251,Tina Huang,2019年1月27日,5, 雖然配送時間稍久，但服務很好,,2
252,蘇悅,2019年2月11日,4, 有優惠就加分，在家叫外送好輕鬆～快輸入我的優惠碼45564938就可獲得《有無快送》首購折抵NT$100優惠券，兌換後30天內都可以使用，快來訂餐享好康！(限北北桃地區)使用後好的話會評回5星的。,,0
253,江俊德,2019年1月29日,5, 一份餐點也送，不用挑有外送的餐廳，感覺非常便利,,0
254,子包,2019年2月16日,5, 輸入優惠碼55454040就可獲得《有無快送》首購折抵NT$100優惠券，快來訂餐享好康！(限200元以上),,0
255,Karsa,2019年1月20日,5, 速度很快 滿多小店可以滿足一般午晚餐,,0
256,施全全,2019年2月14日,4, 輸入優惠碼享優惠：02393782,,0
257,1999 colt,2019年2月17日,5, 快輸入我的優惠碼 62189682 就可獲 折抵NT$100優惠券!!!!,,0
258,丁海倫,2019年2月19日,5, 第一次體驗 服務態度很棒,,1
259,李小樺,2019年1月15日,5, 東西蠻好吃的，送的速度也很快,,1
260,Everdeen,2019年1月24日,1, 可惜所在縣市無法外送,有無科技2019年1月24日嗚嗚，我們會努力! 希望未來可以開放更多地區服務,0
261,Chen Napc,2019年1月29日,5, 在家叫外送好輕鬆～快輸入我的優惠碼30038462就可獲得《有無快送》首購折抵NT$100優惠券，兌換後30天內都可以使用，快來訂餐享好康！(限北北桃地區) 這對全職媽媽很方便呦～^^只要首購手指動一動，省100元雙方互惠～^^（我今天也才開始註冊～^^）,,1
262,真的太大根,2019年2月10日,1, 很糟糕夜市，餐館，商圈一堆在我家附近，居然不能外送，還說不在區域內，爛！！,有無科技2019年2月10日若您輸入地址後無法查看店家就是不在服務範圍內哦！希望之後有機會為您服務,5
263,小花襪,2019年2月9日,5, 比熊貓好 客服也在線,,0
264,關小心,2019年2月28日,5, 快加入我省100 優惠碼35276925,,0
265,呂羿慧,2019年2月10日,5, 方便的app，輸入優惠碼「35126379」，首次訂購可折抵100元喔！,,0
266,黃博瑄,2019年1月16日,5, 請問程式裡的點餐紀錄怎麼刪除？訂單裡的歷史紀錄如何刪除？,有無科技2019年1月17日沒有辦法刪除哦(´･_･`),0
267,卓巧薇,2019年2月16日,5, 外送快服務親切,,0
268,吳華軒,2019年2月17日,5, 便宜好用 送貨準時 推薦,,1
269,王妃兒,2019年2月28日,3, 外送時間有些久,有無科技2019年3月3日嗚嗚ಥ_ಥ小編會轉達內部改進,0
270,Google 使用者,2019年2月14日,5, 方便！！,,1
271,黃傳佑,2019年2月24日,5, 時間內送達，送貨員服務態度很好，非常感謝,,0
272,Amanda Chang,2019年2月18日,5, 好用的app 服務好 價格好,,0
273,伊庭eating,2019年1月24日,5, 輸入優惠碼可折抵100$哦😄 👉輸入47840866,,0
274,恩芯,2019年2月24日,5, 服務人員態度好,,0
275,Google 使用者,2019年2月17日,1, 為什麼無法送到家裡地址🙁,有無科技2019年2月17日於app上方欄位輸入地址，若您在服務範圍內即可查看可供配送之店家唷,0
276,施致宇,2019年2月23日,5, 好用，很棒的外送軟體,,0
277,張湘琴,2019年2月9日,5, 第一次使用這服務，真快，真好，送來還是熱的，謝謝！推～,,0
278,金尚聖,2019年2月13日,5, 店家多，配送費合理,,0
279,Google 使用者,2019年2月5日,1, 為什麼我可以叫的只有四家？而且都是無營業！！！！,有無科技2019年2月9日若有疑問可至LINE@跟小編反應唷～小編會立即為您確認,0
280,林鈺群,2019年2月9日,5, 方便好用，送貨快,,0
281,娜小姐,2019年1月27日,5, 貨到快速,,0
282,温文君,2019年2月25日,5, 很好用的App,,1
283,邱皓祥,2019年2月12日,1, 太爛了，外送只到19：30,有無科技2019年2月15日每個區域服務時間不同唷～還請您見諒,0
284,THOMAS YU,2019年2月21日,1, 一開始用的時候覺得很好，但後面才發現，每道餐點的費用跟實體店面不一樣，問店家時，店家說是這間公司自己加的，但問這間公司時，卻又說是店家自己報的價，這根本就是在欺騙消費者，已經收了運費30元，還要每份餐點多收10-15元，這未免也太黑了吧！所以我決定問消保官，這樣的APP是否合法,有無科技2019年2月21日不好意思～餐點價格部分小編會轉達相關單位確認,0
285,蘇長蕙,2019年2月2日,5, 商家多選擇……外送速度快,,0
286,Google 使用者,2019年2月26日,5, 超👍的外送效率,,1
287,Google 使用者,2019年2月10日,5, 超方便、準時,,0
288,Google 使用者,2019年2月9日,5, 服務好,,1
289,黃赫陽,2019年2月3日,5, 方便極了,,1
290,Candy Lin,2019年2月22日,5, 方便好用,,1
291,Grace Chen,2019年1月16日,5, 超方便,,1
292,葉于緁,2019年2月22日,5, 很棒 而且貨到付款,,1
293,蔡小珍,2019年1月29日,3, 服務很好,,1
294,許筱彤,2019年2月13日,5, 很方便,,1
295,沈Κική,2019年1月17日,5, 快速方便,,0
296,蔡琳琳,2019年2月23日,5, 很準時,,0
297,章祐銓,2019年2月4日,5, 方便快速,,0
298,廖雅菁,2019年2月21日,5, 方便好用,,0
299,秀怡陳,2019年3月7日,5, 很方便,,0
300,李欣衛,2019年3月9日,5, 好用方便,,0
301,Google 使用者,2019年3月13日,5, 非常好用,,0
302,曾露比,2019年5月28日,5, 很方便,,0
303,Google 使用者,2019年1月27日,1, 新北市三峽不能送？？,有無科技2019年1月27日三峽不在服務範圍內哦😶😶😶,0
304,Google 使用者,2019年2月11日,5, 超棒的,,1
305,林晴兒,2019年1月31日,5, 好吃,,1
306,YinYin K,2019年2月2日,4, good,,1
307,Google 使用者,2019年1月28日,5, 滿意,,1
308,蘇泰德,2019年2月20日,5, good,,0
309,Google 使用者,2019年2月19日,5, 滿意,,0
310,Jennifer chou,2019年2月22日,5, good,,0
311,廖鈺祥,2019年2月11日,5, 好,,0
312,Google 使用者,2019年2月21日,4, 很棒的,,0
313,王王小伊,2019年3月9日,5, 棒,,0
314,andrew liao,2019年2月26日,5, 很棒,,0
315,張家榕,2019年2月25日,5, 好用,,0
316,林晏如,2019年2月25日,5, 好,,0
317,鄭又豪,2019年2月24日,5, 棒,,0
318,企鵝轉轉,2019年3月16日,5, 讚,,0
319,廖逸華,2019年2月9日,5, 好👍,,0
320,Google 使用者,2019年2月16日,5, 😊,,0
321,Google 使用者,2019年2月17日,5, 😊,,0
322,Google 使用者,2019年2月20日,5, 😊,,0
323,連小慶,2019年1月5日,1, 第一次使用，6點訂餐7點半才送來，東西都是冷得，問外送員怎麼這麼久，只回答因為比較忙，真的很令人儍眼！送來了也冷到無法吃，浪費錢和浪費食物和浪費時間的軟體！請大大改進,有無科技2019年1月6日好的好的 會持續改進,7
324,Google 使用者,2019年1月4日,5, 在家叫外送好輕鬆～快輸入我的優惠碼 7 9 9 7 6 8 5 9就可獲得《有無快送》首購折抵NT$100優惠券,,4
325,Y. H. C,2019年1月13日,5, 輸入優惠碼06745154就能獲得《有無快送》首購折抵NT$100優惠券，兌換後30天內都可以使用~(限北北桃地區),,0
326,古代綺,2019年1月15日,5, 還不錯，速度比預訂的時間還快只有一次慢了，但慢了希望能外送服務費算便宜點,,0
327,于子淩,2019年1月13日,5, 快輸入驗證碼 ：40088607 ，即 獲得100元折價券,,2
328,Google 使用者,2019年1月5日,4, 第一次使用，送餐速度比預定時間快了許多，還不錯.,有無科技2019年1月6日謝謝您~~~,2
329,J月月,2019年1月3日,5, 在家叫外送好輕鬆～快輸入我的優惠碼77086056就可獲得《有無快送》首購折抵NT$100優惠券，兌換後30天內都可以使用，快來訂餐享好康！(限北北桃地區),,0
330,Yang Porsche,2019年1月7日,5, 在家叫外送好輕鬆～快輸入我的優惠碼60224154就可獲得《有無快送》首購折抵NT$100優惠券，兌換後30天內都可以使用，快來訂餐享好康！(限北北桃地區),,0
331,Ya-Ting Chen,2019年1月8日,4, 在家叫外賣好輕鬆~快輸入優惠碼82725391首購領取100元折價券哦~ 可以將電子發票直接儲存到電子載具嗎？這樣使用上會更方便，若有中獎也能直接歸戶，就不用又把發票印出來寄來寄去的了。,,0
332,池終序,2019年1月13日,1, 新北市新莊區還是沒辦法外送,有無科技2019年1月14日新莊區目前採部分開放哦～希望之後有機會為您服務ಥ_ಥ,0
333,金洲室內裝修Gary,2019年1月5日,1, 配送人員很少！同時點多家餐點遲到機率很大！,有無科技2019年1月6日詳細說明已於昨日line@上回覆您，還請您不要捨棄有無快送,0
334,smile smile,2019年1月9日,5, 客服服務很好，外送人員服務真棒,,0
335,Judy Hsieh,2019年1月3日,5, 方便好用的美食APP!,,1
336,Oscar Cheng,2019年1月11日,5, 多數餐廳的運費才30，很划算,,0
337,陳嘉柔,2019年1月3日,1, 蘆洲區什麼時候開放？明明那麼多吃的？蘆洲區不在新北市嗎？,有無科技2019年1月4日小編會告訴內部蘆洲也在新北並為您爭取開放(`･ω･´),0
338,威威DarkBack,2019年1月8日,1, 新北五股工業區 一家都沒有？,有無科技2019年1月10日不好意思，編編會轉達內部希望未來可以擴區,0
339,劉畇汝,2019年1月6日,5, 服務非常好,,0
340,楊佳雯,2019年1月24日,5, 服務態度好,,0
341,phyllis Chen,2019年1月6日,4, 介面簡單清楚,,0
342,Junhao Huang,2019年1月7日,5, 地址輸入方便與快速搜尋附近店家，運費也可接受程度(不過有些不到一百公尺要75有點訝異)，沒有繁瑣的輸入內容，菜單的訂購操作也十分簡單易懂。只是有時點菜後，才知道店家售完需要用電話確認，想要追加更改加點用電話講有點麻煩。希望增加發票載具欄位。最近也發現可能外送員不足，訂兩三家都同一個人一起拿來，一次跑三家雖然賺三家運費，但也相當辛苦。,有無科技2019年1月4日因為訂單成立後將無法修改，若要修改通常要麻煩用戶取消訂單重新下單，恭喜您遇到超好心客服人員願意聯繫您直接替您更改(≧∀≦)(≧∀≦)(≧∀≦),0
343,jessie tsai,2019年1月7日,5, 方便 好用,,0
344,Google 使用者,2019年1月2日,5, 方便,,2
345,王寶寶,2019年1月2日,5, 好用,,1
346,李增恩,2019年1月19日,5, 方便,,0
347,Google 使用者,2019年1月10日,5, 棒,,0
348,楊佳惠,2019年1月19日,5, 不錯哦,,0
349,張劭齊,2019年4月3日,5, 👍,,0
350,Hozi Jungi,2019年1月1日,5, 在家叫外送好輕鬆～快輸入我的優惠碼58116012就可獲得《有無快送》首購折抵NT$100優惠券,,1
351,Zoe小柔,2018年12月31日,5, 趕快輸入我的優惠碼33362731，你就可獲得《有無快送》訂餐折抵NT$100優惠券喲！,,1
352,Phoebe Chen,2019年1月1日,5, 在家叫外送好輕鬆～快輸入我的優惠碼98576638就可獲得《有無快送》首購折抵NT$100優惠券,,0
353,張celine,2019年1月28日,5, 首購輸入優惠折扣碼:82403105 即可享有100元折扣優惠唷！！快點行動吧,,3
354,Cynthia,2019年1月1日,5, 在家叫外送好輕鬆～快輸入我的優惠碼97779645就可獲得《有無快送》首購折抵NT$100優惠券，兌換後30天內都可以使用，快來訂餐享好康！,,0
355,ian lin,2018年12月30日,5, 便宜快速好用 分享碼27203673新用戶輸入現折100,,0
356,Google 使用者,2018年12月31日,5, 47510208輸入優惠碼唷！直接賺100塊,,1
357,Wu YiDong,2018年12月29日,5, 輸入優惠碼：83191520 就可以獲得超狂的優惠券哦，一起分享來獲得優惠券吧~,,0
358,萌媽咪,2019年1月3日,1, 為什麼新竹區沒有首購優惠，好不公平還要分地區,有無科技2019年1月3日嗚嗚~~~~小編會為您爭取看看的,0
359,Google 使用者,2018年12月26日,1, 跟麥當勞一樣 爛 一樣找不到我家地址 關起來吧 爛死人,有無科技2018年12月27日沒有爛啦啦啦~~~~我們是用Google地圖耶,3
360,WANGAPPLE1,2018年12月28日,5, 快輸入我的優惠碼81313307就可獲得首購折抵NT$105優惠券^^,,0
361,migo yu,2019年1月1日,5, 輸入我的優惠碼47866413就可獲得《有無快送》NT$100優惠券唷！,,0
362,陳嬿婷,2018年12月30日,5, 21176248優惠券不使用太浪費了,,0
363,林筱芸,2018年12月26日,5, 太讚了！,,0
364,陳小婷,2018年12月29日,4, 折扣碼：44484612，不使用浪費,,0
365,morning yang,2018年12月26日,5, 很用心的 App,,1
366,Grant Hsiao,2018年12月27日,5, 方便，選擇多！,,0
367,張小萱,2019年1月4日,5, 介面蠻好的,,0
368,Wang CiaoNiu,2018年12月25日,5, 還不錯,,0
369,田芮瑀,2018年12月26日,5, 速度快,,0
370,Winters Chang,2019年1月2日,5, 💯,有無科技2018年1月29日(≧∀≦)ゞ,2
371,Tion Ye,2018年12月25日,5, 好,,0
372,羅098217513,2019年1月11日,4, 準時,,0
373,鄧雅筑,2018年12月23日,1, 你好我怎麼問店家說沒有跟你們有合作 哪又怎麼上面有店家資料，在請問是星期六，日 都沒有外送嗎 上面究竟是哪幾間是有合作的啊 看到都姆煞煞啊 還有是多少錢才免運啊 不是主打 一份也送嗎,有無科技2018年12月23日有些地區只服務週一至週五唷!!更多問題可以到LINE@詢問小編唷!!小編會立即回覆您~~~,1
374,周宣辰,2018年12月12日,2, 關於運費方面標示不清楚，300免運，我訂2000多塊反而說要排兩人送要跟我多收運費，一後我就300塊一張單，一張單派一個人送好了，這樣還可以多派幾個人，絕對不止兩個！,有無科技2018年12月14日對不起~以後會標示清楚!!若有問題歡迎在LINE@上即時跟小編反應唷,5
375,j Jessie,2018年12月11日,5, 不用出門就有東西可以吃，還不錯! 騎士素質可能再加強一些會更好!,有無科技2018年12月11日好的!!我們會繼續提升服務品質,9
376,海,2018年12月23日,1, 明明首購優惠有桃園，真的要外送又說這裡沒有提供外送……桃園市區耶,有無科技2018年12月23日桃園是採部分開放喔喔喔,1
377,謝佩蓉Shely,2018年12月23日,5, 首購優惠呦！輸入我的優惠碼 92741457 就可獲得《有無快送》首購滿200元現折抵NT$100優惠券！(限北北桃地區),,0
378,guo fable,2018年12月17日,5, 首購優惠碼 52516874,有無科技2018年5月28日(/◕ヮ◕)/,10
379,ys Pan,2018年12月23日,5, 輸入 15593763 首購優惠碼 滿兩百折一百 不用白不用,,0
380,Miss Yan,2018年12月23日,5, 輸入優惠碼 13839592 消費滿200折100喔,,0
381,Liu Jess,2018年12月12日,5, 首購輸入優惠碼《76247962》 消費滿$200即可享折扣$100,,0
382,Google 使用者,2018年12月24日,4, 希望可以開通中壢區使用,,0
383,嘛唭朵,2018年12月21日,4, 很方便 不用出門 也能買到食物了😆,,0
384,Mina Ho,2018年12月23日,5, 輸入15483287，滿200折100。蠻好用的app，介面簡潔，使用方便。,,0
385,Yang Ivan,2018年12月20日,5, 介面乾淨好用，分類整齊不複雜,,0
386,Hu Nini,2018年12月31日,4, 時常推出免運優惠,,0
387,Google 使用者,2018年12月23日,5, 真的很方便，在家也能享用美味，辛苦他們了。,,0
388,freddy liu,2018年12月23日,5, 好用，方便，第一次使用就上手,,0
389,謝春芳,2018年12月21日,5, 服務好，收費也合理,,0
390,郭小郭,2018年12月21日,5, 不好意思，請問能否 刷卡消費，是要看 店家嗎？,有無科技2018年12月22日可以刷卡也可以貨到付款唷~,0
391,Amy nice,2018年12月12日,5, 很實用,,1
392,謝宛蓉,2018年12月24日,5, 很準時,,0
393,陳巧梅,2018年12月23日,5, 容易上手,,0
394,Rachel Yeh,2018年12月19日,5, 準時送達,,0
395,蔡智原,2018年12月11日,5, 價錢合理，很方便，喜歡。,,0
396,小萱hvtd黃,2018年12月12日,5, Ok,,1
397,Google 使用者,2018年12月11日,5, 好用,,0
398,洪子曰,2018年12月24日,5, 很棒,,0
399,Carol Kuo,2018年11月24日,3, 今天人不舒服所以下載準備訂餐， 結果居然只有週一到週五可外送， 失望又傻眼。。。,有無科技2018年11月25日您好，目前台中跟新竹是開放周一至週五，但是台北新北桃園地區都是周一至周日唷！小編會轉達內部爭取日後更多天數的服務，謝謝您。,3
400,陳維嘉,2018年11月28日,3, 機場捷運A7站已經兩年，旁邊的文青里，文青路，文青二路有四大社區，八千戶住戶，竟然沒有提供服務，希望趕緊改進，謝,有無科技2018年11月29日收到!!小編會轉達內部爭取擴區~~~,2
401,Mao N,2019年4月30日,1, 很多店家外送服務費75，真的太誇張，就算是店家自送也不該讓店家漫天喊價吧？ 同樣的店熊貓才29外送費，為什麼消費者要當盤子付75 已移除，使用熊貓或ue都比這合理,有無科技2019年5月4日不好意思～每個餐廳運費略有不同唷！基本上運費為39元,0
402,Google 使用者,2018年12月3日,1, 用過一次還不錯但不評價系統就當機無法再用即使重新安裝也一樣,有無科技2018年12月4日什麼!!小編會轉達相關單位確認還請您不要放棄我們~~~,0
403,鴨雅寶,2018年12月9日,5, 在家叫外送好輕鬆～快輸入我的優惠碼89402286就可獲得《有無快送》首購折抵NT$100優惠券，兌換後30天內都可以使用，快來訂餐享好康！,,0
404,Ease Hsieh,2018年11月25日,5, 比較好幾個類似的App之後，覺得這個最好用，不過信用卡繳款好像有問題，希望可以修一下。,有無科技2018年11月25日謝謝您的意見回饋，小編會建議內部進行改善，謝謝您~~~,0
405,渡狸里,2018年12月9日,5, 輸入優惠碼87003992 買200送100優惠券哦 快來領完吃飽飽1,,0
406,陳瑞蓮,2018年12月9日,5, 外送員服務態度很好、外送時間也在準時、外送的餐點也完整送達。整體的使用上都很棒哦！！,,0
407,Maurice Chu,2018年12月9日,5, 請多開發價格相對低廉的餐廳，方便個人使用外送服務,,0
408,葉碧珍,2018年12月4日,5, 不想出門 美食宅便利，首購折扣100元,,0
409,葉泉漢,2018年12月4日,1, 高雄沒半個?? 南部除了熊貓能現金支付 其他已死 快來吧！,有無科技2018年12月4日您好~小編會轉達內部爭取擴區呦,0
410,Google 使用者,2018年12月8日,5, 首次購物優惠碼 55140288,,0
411,CindyG3 Lee,2018年11月21日,5, 可付現或刷卡，很方便,,1
412,영원의버디Buddy,2018年12月3日,5, 優惠碼：71912816 滿200折100,,0
413,魏竹珺,2018年12月1日,4, 桃園配送進度的地圖，為何會一直顯示台北地圖呢？,有無科技2018年12月1日您好，您看到的地圖是公司總部唷!!不好意思造成誤會~,0
414,Santino Wang,2018年12月3日,1, 南港區沒有服務,有無科技2018年12月4日您好~南港是採部分開放唷!!,0
415,Google 使用者,2018年12月3日,5, 外食族的新選擇,,0
416,黃允析,2018年11月25日,2, 竟然沒有新店區，傷心,有無科技2018年11月25日您好，小編會轉達內部爭取擴區，希望之後有機會為您服務~,0
417,kuochang ho,2018年12月9日,5, 加油。。有您們讓我們方便許多,,0
418,冰楓,2018年12月1日,5, 優惠碼：6956048,,0
419,Joan Lo,2019年1月12日,5, 快速，服務好,,0
420,E lvis,2018年12月8日,5, 便利快速,,0
421,Google 使用者,2018年11月24日,5, 方便,,0
422,高淑真,2018年11月23日,5, 很棒,,0
423,Google 使用者,2018年11月25日,5, Good,,0
424,簡小郁,2018年11月19日,5, 方便！！！適合帶寶寶而不方便外出ˇ的媽媽,,1
425,jade LI,2018年11月19日,2, 越來越常遲到，不推！,有無科技2018年11月20日很抱歉讓您久等，小編已經記錄下來轉達內部改善，還請您不要捨棄我們,1
426,Google 使用者,2018年11月22日,4, 便利性,,0
427,Terry Liu,2018年11月7日,4, 一份也送的服務很棒，只是運費頗貴，希望未來可以給用戶更多折抵優惠,,2
428,陶惠婷,2018年11月10日,5, 餐點只要滿200元，都不用運費，實在很划算。在家就有美食送上門，騎士們辛苦了。,,1
429,Google 使用者,2018年10月22日,1, 你到底要不要讓人登入，一直沒有寄驗證碼是什麼意思！,有無科技2018年10月23日您好，若您遇到無法登入的狀況，趕快聯絡LINE@小編協助唷!!,6
430,尹少昊,2018年10月26日,4, 一人也送的外送方便，只是希望多一點運費優惠,,8
431,Iris Wei,2018年11月14日,4, 方便的程式，運費也不會太貴，只是輸入驗證碼時跳出好幾次，希望改進,,1
432,Da Young Wu,2018年11月19日,5, 方便好用 希望騎士位置可以修正 不然不要放誤導客人,,1
433,挖寶天堂,2018年12月18日,5, 食物到付款很方便💓我喜愛這功能 🌎每天都需要這程式軟體 🌎有的店家200～300能免運費💓 🌎希望能把店家加到我的最愛 🌎訂單功能會占手機空間…希望能刪掉訂單功能➡訂單越多真的會暫手機空間…拜託修改…我手機空間望著這軟體空間越來越多➡都不能刪除中,有無科技2018年12月21日收!!記錄下來轉達相關單位改進,0
434,Timmy Sheep,2018年11月17日,1," 沒有一家外送像你們這麼慢的,要做外送就有點決心好嗎",有無科技2018年11月20日是!!!!我們會努力改善的,0
435,sammi lo,2018年11月18日,5, 還不錯的外送app，希望配合的店家能再多一點,,0
436,趙芷萱,2018年10月31日,2, 常常送的慢還灑出來，唯一優點是叫的多能免運。,"有無科技2018年11月2日親愛的貴賓您好，很抱歉造成您的困擾，若有餐點外漏或遲到的狀況請立即跟LINE@小編反應,小編將會第一時間協助您",0
437,Jim Chen,2018年11月4日,5, 輸入82102000現折100。最新活動只折100 說折105騙人的,,0
438,張慧卿,2018年11月9日,5, 運費用比想像的便宜，外送員態度很好,,0
439,水梨,2018年10月24日,1, 又是只有台北能用的爛程式,,0
440,peggy a,2018年10月23日,5, 服務費便宜送貨騎士態度也很好,,0
441,中二奶奶middle two,2018年10月25日,5, 使用經驗很棒，希望有越來越多店家選擇！,,0
442,Chau Sherming,2018年10月24日,5," 超好用又方便,訂過很多次了",,0
443,Yu-Ting Sung,2018年11月17日,5, 優惠碼:32118999，滿200折100唷,,0
444,RTING LOU,2018年10月26日,5, 訂購時間可以在彈性一些,,0
445,黃月,2018年11月12日,5, 提供的餐廳好吃！,,0
446,Google 使用者,2018年11月14日,5, 快速又超方便,,0
447,黑慕,2018年11月6日,5, 終於有送到我家的了🤣🤣找超久,,0
448,Google 使用者,2018年11月10日,5, 店家在多一點,,0
449,edward chen,2018年11月2日,3, 可選擇的美食太少了,,0
450,吳荳荳,2018年11月7日,5, 很多店家，很不錯,,0
451,林韻晴,2018年11月30日,4, 很方便，很好用,,0
452,Yutsen Weng,2019年1月23日,5, 客服很棒,,0
453,陳晨,2018年10月27日,5, 很好用,,0
454,林坑口,2018年11月17日,5, 好讚,,0
455,Jon,2018年10月26日,5, 好,,0
456,周旺慶 婚禮紀錄,2018年10月28日,5, 方便,,0
457,李玟宜,2018年11月17日,5, 好用,,0
458,Chien Angela,2018年11月13日,5, 方便,,0
459,Yi shan Wu,2018年10月28日,5, 方便,,0
460,Yan-K,2018年10月15日,4, 中永和的餐廳數量和其他外送 APP 相比很多，訂餐選擇很棒 但騎士太少，很容易發生等待時間比預計長的狀況，希望有無的騎士能更多,,0
461,何紹宇,2018年10月10日,3, 板橋區提供的外送餐廳太少了啦!盡量避免和其他的外送平台有人的餐廳,,3
462,gary lin,2018年10月10日,5, 非常好用的App，優惠碼輸入85261155可以折$100喔,,1
463,Chia Ming Lin,2018年10月3日,5, 輸入優惠碼13171051可以獲得折抵100元的優惠卷哦！,,0
464,claire Lee,2018年10月11日,5, 客服很棒，即時聯絡！外送人員都很客氣！餐廳數量很多，很滿意，天天用！,,0
465,Aileen Lin,2018年10月15日,4, 分享好友優惠碼04233401,,1
466,Chen Jenny,2018年10月20日,5, 輸入優惠碼:02209568首購折$100,,0
467,Rose Chen,2018年10月18日,4, 方便快速服務好!!,,0
468,Google 使用者,2018年10月24日,5, 很棒的服務團隊,,0
469,WEN YI,2018年10月13日,5, 多家些店家,,0
470,lily hsu,2018年10月15日,5, 非常好。。。希望以後配合店家越來越多,,0
471,atina yeh,2018年10月21日,4," 懶蟲,找不到停車位的救星，讚!",,0
472,Google 使用者,2018年10月18日,5, Good!,,0
473,林靖函,2018年10月19日,5, 很快送達,,0
474,易謙林,2018年10月17日,5, 很方便,,0
475,Google 使用者,2018年10月19日,5, 很方便,,0
476,呂豐全,2018年10月10日,5, 非常方便,,0
477,Google 使用者,2018年10月5日,5, Good,,2
478,Google 使用者,2018年10月7日,5, 好用,,0
479,張龍,2018年10月9日,1, 我常常使用有無外送 昨天在中和區叫飲料 我訂購了可不可的飲料一共270 結果其中一杯春梅冰茶，我之前買過，這次送來竟然裡面沒有梅子味，喝起來就像他店裡另一個產品春芽冷露的味道 結果客服直接說幫我確認一下後即掛我電話，之後也沒回撥 後來我打電話去 客服說跟店家確認是冬瓜茶+梅子汁為基底沒有梅子！！！ 客服過程中也完全沒反應我的需求 不一樣價格的產品你也不問我是否需要退我差價或是補送 一直說會跟相關單位反應 消費者難道活該倒楣嗎？ 後來致電去可不可門市 門市解說應該會有梅子，客服怎麼會跟我說沒有 這部分可能是客服理解錯誤 門市也很客氣的說補償我該杯飲料 有無的客服真的令人失望至極,有無科技2018年10月9日親愛的貴賓您好，很抱歉讓您有不愉快的訂餐體驗，小編有將您回報的狀況反應給該專員的主管並重新進行教育訓練，非常感謝您的建議，希望未來我們能提供更完善的服務。,0
480,江小慧,2018年10月6日,1, 一樣內湖區，為什麼有的路段沒有提供服務，而且只差幾百公尺外就有外送,有無科技2018年10月8日貴賓您好，很感謝您提供寶貴意見，由於目前內湖區為部分開放服務，小編會轉達內部研議討論希望未來能提供更多區域的配送服務，謝謝您。,0
481,Google 使用者,2018年10月5日,5, 輸入優惠碼25201724可獲得100元抵用卷喔,,0
482,hon chang Lin,2018年10月3日,5, 不錯喔,,0
483,王丹尼,2018年10月20日,5, Good,,0
484,Google 使用者,2018年10月2日,5, 好用,,0
485,藍貽鋒,2018年9月9日,1, 送餐遲到2個小時，請問一下送到東西是怎麼吃，當然是不要了，熱食早就冷掉，麵類早就泡到爛掉，是要怎麼吃，也請站在消費者方面想一想，食物都冷掉泡爛了，你們會好意思送出來給客人吃嗎？,,2
486,doris wang,2018年9月24日,1, 送餐時間到了才發現訂單被取消，卻沒有任何通知，通過LINE尋求幫助，客服才來電，還一直說有打電話我沒接，偏我手機沒離手過，不知道是打給鬼了嗎？死不承認錯誤，差評！,,1
487,Jean Hsiung,2018年9月7日,1, App不錯，但是會被騎士搞死，超接訂單，訂三次每次都嚴重遲到，要打電話追單，騎士才會趕快送過去，騎士遲到似乎成常態，態度完全不在意，好像這很正常。其他外送平台要是會延遲，提早就先通知了，從沒超過預計時間。價錢差不多，幹嘛用有無，每次都要賭會不會遲到。,,1
488,洪緯豪,2019年2月13日,5, 輸入優惠碼77507843，現在輸入優惠碼現折100，等於免外送費外還能折價!,有無科技2018年5月21日ლ(´ڡ`ლ),6
489,justin000456,2018年9月10日,1, 爛透了！如果服務時間只能到七點半，送達時間就不要有超過七點半的選擇！或是至少也出現個警語《已超過服務時間恕不外送》，要不是拎北有打電話問店家，我想等到店家打烊都還沒收到！已刪除絕不再用，我也會建議我朋友不要用這個程式，因為它根本不會管你有沒有吃到東西就慢慢的等吧！,,1
490,Nana Chou,2018年9月12日,1, 地址輸入一直沒有正確的位置可以選，縣市強制用選取的，那就要都齊全阿，桃園市蘆竹區也沒得選，根本無法訂購完成,,0
491,huiru yang,2018年9月16日,1, 觀察幾次每每遲到，雖說外送人員辛苦單一差都是2小時上下不太優，應該不會想使用了,,0
492,張智翔,2019年2月24日,1, 爛死了，12點訂餐說要14:50到，時間到了自己打去餐廳，說沒騎士去拿餐，餐廳也不會打來告知，打給客服永遠打不進去，到了三點半才打來說是我取消的，笑死了，爛死了,有無科技2019年3月3日很抱歉造成您的困擾ಥ_ಥ,0
493,周騏騏,2018年10月2日,5, 很好用，最經濟實惠的外送app，輸入我的優惠代碼23660471，即可獲得首購優惠券100元,,0
494,Yu Chen,2018年10月1日,5, 很快速的送餐，收到介紹後馬上試試果然跟介紹的一樣，以後會試著多多使用此平台,,0
495,Nivek Liu,2018年10月28日,5, 很棒的服務，推薦給你！輸入優惠代碼10040511，可以馬上拿到優惠哦！,有無科技2018年4月10日(๑˃̵ᴗ˂̵)ﻭ,2
496,Google 使用者,2018年9月15日,5, 首購客戶，歡迎使用我的邀請碼39139832，取得首購100元優惠碼，讓我們一起享受折扣吧！,,0
497,李炆,2018年10月1日,4, 送餐地址差很大，但送餐地址很遠，所以有點手忙腳亂的接餐，希望多線上儲值或線上扣款功能,,0
498,Yu Fei,2018年9月23日,5, 給生活帶來便利性，尤其對不會騎車開車的人來說，是很實用的app,,0
499,weiwei chiu,2018年9月18日,5, 輸入優惠碼7369903，首次消費滿200折100唷，趕快輸入訂餐吧,,0
500,Google 使用者,2018年9月15日,5, 送餐準時服務態度好又可貨到付款很方便會繼續使用,,0
501,yori,2018年9月22日,4, 還不錯用啦，不過騎士送餐桃園似乎還無法正確定位,,0
502,Google 使用者,2018年9月10日,4, 比預期好，需提前約一小時預訂，較foodpanda和ubereats久,,0
503,小白小白,2018年9月8日,5, 態度非常好 食材新鮮 速度很快 非常滿意,,0
504,Google 使用者,2018年9月26日,5, 標示內容可以清楚些，比如買飲料容量多少,,0
505,想變成狼的兔子,2018年9月7日,3, 可以多一個確認餐點選項,,0
506,陳彥,2018年10月2日,4, 請盡快開發外送區基隆唷,,0
507,Sui Ting Li,2018年9月8日,5, 輸入優惠碼64674927，即可獲得優惠券,,1
508,劉育芬,2018年9月9日,3, 遲到…東西送來都冷了…炸物不熱很可怕啊……,,1
509,徐立穎,2018年9月13日,4, 8639506 輸入這個可以折100元,,0
510,yenlin chao,2018年9月24日,5, 免運門檻真的越來越高了，會影響不想買。,,0
511,陳雅菁,2018年9月23日,3, 正確地址沒辦法存，只能點附近存,,0
512,Google 使用者,2018年9月8日,5, 非常user friendly的使用平台，簡單上手,,0
513,Kenny Liu,2018年9月29日,5, 簡單易用 合作餐廳多樣化,,0
514,brayan Huang,2018年9月15日,3, 程式不錯，騎士問題比較大,,0
515,Google 使用者,2018年9月8日,5, 好用!,,0
516,鄧鄧,2018年9月14日,5, 今天外送遲了，還有專人打來告知，很貼心‼❤,,0
517,Yenching Lin,2018年9月22日,5, 送餐準時，太棒了,,0
518,Kitty Lee,2018年9月15日,5, 好用快速方便,,0
519,小嫻陳,2018年9月13日,5, 很方便的app,,0
520,鍾家珺,2018年9月15日,5, app很好用,,0
521,IPMC Trainer,2018年9月13日,5, 提早25分鐘到，真棒。,,0
522,劉政杰,2019年3月12日,5, 不錯，夠直覺,,0
523,Google 使用者,2018年10月1日,5, 好方便。可否多些「素食」的店家? 謝謝,,0
524,溫苡晴,2018年11月2日,5, 好用方便～,,0
525,賴瑞林,2018年9月28日,5, 方便快速,,0
526,Google 使用者,2018年9月20日,5, 還不錯,,0
527,鄧美怡,2018年9月15日,5, 很方便,,0
528,WTF 這什麼鬼!?,2018年10月18日,5, 還不錯,,0
529,雅貞柯,2018年9月28日,5, 實用,,0
530,Google 使用者,2018年9月6日,5, 多樣餐點可選擇，很讚,,0
531,Ni na,2018年8月18日,2," 每次有選儘早，但騎士都取貨後繞去別的地方直到時間到才送來。 
而且每次購買選最快的時間都只有一小時後，跟uber比起來慢太多，選同一家餐廳有無的運費也貴太多。 
uber大約只要半小時，有無每一個都要一小時真的差蠻多的，而且有無都沒用保溫袋在送，若是冰類產品，買好幾次都融化。 
貴、沒保溫、時間特別久，感受不到他想與其他外送app競爭的感覺。",,5
532,喵喵兒,2018年8月28日,1, 程式有問題，要消費者自行吸收，回應給line小編，也只會說，沒辦法 明明輸入優惠碼送出卻沒有折扣優惠，然後問說，這樣首購優惠就沒了，小編還說沒辦法，只能這樣，,,2
533,廖若羽,2018年8月26日,4, 輸入我的代碼01922863即可獲得首購優惠卷，不賺白不賺。趕快下載使用吧!,,1
534,Ted Dung,2018年8月30日,1, 中午訂了五次沒有一次準時到的，都拖很久，還有丟單的，優惠用完就可以刪了,,1
535,Wu Mandy,2018年8月22日,5, 優惠代碼: 59489046 ，輸入即可獲得首購優惠卷$105 💰 解決了上班族每天最煩惱的中餐，首購優惠可以跟朋友同享，真的很棒,,1
536,Google 使用者,2018年8月28日,5, 覺得好用，訂了好幾次，中午時刻不知道吃什麼可以用!希望再多增加幾家都快吃完了,,0
537,Ryan Chin,2018年8月22日,5, 8月31日前輸入優惠碼：66191750，即可獲得105元的優惠券，一起分享和賺取優惠折扣。,,0
538,P. Shih,2018年8月27日,5, 挖靠! 這外送專員瘋了吧! 母湯喔!  輸入優惠碼【89531675】，即可獲得105元優惠券~才會爽~很棒嘛,,0
539,建騰黃,2018年9月2日,5, 歡迎新朋友輸入我的邀請碼，85045293，一起享受價值105元的折價券唷！,,0
540,小小淳,2018年8月18日,1, 爛，都說我的地方沒有外送服務，整個板橋都沒有,,2
541,Hsiaoching Tseng,2018年8月23日,5, 8/31前輸入優惠碼62768345 即可獲得105元優惠券,,0
542,葉佳瑋,2018年8月21日,1, 蠻垃圾的app 怎麼選都沒,,2
543,潮潮,2018年8月26日,1, 歧視新竹市東區以外的區域 不好用 😢,,0
544,Jen Abby,2018年9月5日,3, 配送時地圖的顯示不正確,,0
545,丸子,2018年8月19日,5, 優惠很敢給！,,1
546,莊甯淇,2018年8月26日,5, 56047722，輸入獲得105元折扣唷,,0
547,Google 使用者,2018年8月29日,5, 外送時間有點久,,0
548,蕭淑容,2018年8月21日,4, 54667138贈送碼到8/31,,0
549,Hunchun Kao,2018年8月29日,5, 還不錯，服務員態度都很好,,0
550,宋廣祖,2018年8月25日,4, 還不錯的app,,1
551,張小婷,2018年9月1日,5, 配送很準時,,0
552,oo99883,2018年8月23日,5, 很方便,,0
553,mark lien,2018年9月1日,5, 配送迅速,,0
554,Google 使用者,2018年8月31日,5, 迅速 讚,,0
555,尤艾倫,2018年8月30日,1, 爛透,,0
556,Mark Yeh,2018年9月4日,5, 方便實用,,0
557,Kris Song,2018年8月20日,5, 讚，方便,,0
558,陳敏哲,2018年8月22日,5, 好,,0
559,Rose Huang,2018年8月17日,5, 超級方便，而且選擇好多!讓我在家追劇也有東西吃😂 點餐輸入優惠碼現折105元喔! 優惠碼 90500937,,0
560,張勝閎,2018年8月16日,5, 即日起-8/31輸入我的代碼44447942即可獲得首購優惠卷，不賺白不賺。趕快下載使用吧!,,0
561,Daisy Chen,2018年8月16日,5, 輸入我的代碼64573529即可獲得首購105元不限金額優惠券，不賺白不賺。,,0
562,高靖凱,2018年8月14日,5, 輸入優惠碼17301023就可以賺105，一份也能送，快來爽爽吃飯,,0
563,YUJIE PAN,2018年8月14日,5, 輸入優惠碼68563810，即可獲得優惠卷,,0
564,Google 使用者,2018年8月14日,5, 真的是方便,,0
565,H. P. Yen,2018年8月14日,5, 算好用的了,,0
566,顏迪佑,2018年8月15日,5, 方便好用,,0
567,賴筱臻,2018年8月14日,5, 送餐有在規定時間送達，買了炸的東西吃起來也是脆的沒有軟掉或冷掉，外送人員也很親切客氣~個人覺得比其他外送app好用很多，但app可能沒有即時更新，看過明明已經倒了的餐廳卻在app上顯示營業中，有可能會造成誤會，希望這方面可以改善~,,3
568,楊琍婷,2018年8月12日,1, 評一星都覺得浪費，從訂單到取餐都讓人很不愉快，就連客服都很沒禮貌,,1
569,勝碓詹,2018年8月8日,1, 之前反應服務人員會把餐點放地上或沒有百元鈔給他一千元找時，送餐員盡然會說沒有錢找你我也沒辦法，態度很差還要我幫忙按電梯不要讓電梯跑掉。,,0
570,吳郁涵,2018年8月12日,1, 等外送等了一個半小時，餐廳說他們早就做好了一直沒有人員去拿，打電話去客服反映得到的是不清不楚的交待....下次不會使用這個平台訂了,,0
571,Yvonne0409,2018年8月13日,5, 雖然可以理解外送員也有休假的時間，可是直接六日都沒有人外送真的蠻不方便的，一個人顧店真的沒辦法出去買啊....訂熊貓也沒送來，整整餓了三個小時,,0
572,wei lin Wang,2018年8月12日,5, 朋友推薦剛點外送意外的快，很方便的APP大推,,1
573,梁羊羊,2018年8月7日,1, 為甚麼個人地址輸入後顯示「有無快送積極拓店中」..這地方不是輸入個人地址嗎=.=？,,1
574,郭胡茸暇,2018年8月13日,5, 請問推薦的折價券 第一次沒有用 按叉叉 之後就不能再用了嗎?,,0
575,Ian Lin,2018年8月11日,1," 先不說訂餐起跳時間一定是一個小時 東西下單後15分鐘顯示已取餐然後快速前往中 還是得等滿一小時才送到 叫個冰品來都融化成湯品 叫其他麵食飯食 
等一個小時還沒到 看地圖騎士在一個地方待了半個小時 超過時間十分鐘打電話來說我可以先按送達嗎 因為我有點耽擱到怕公司處罰 這種服務品質我真的莫名其妙 
透過line官方網站回應說隔天回覆狀況 過了一個禮拜連一個貼圖都沒看到 外送服務的app很多 這家真的不需要是首選",,2
576,小茹,2018年9月6日,5, 輸入我的代碼44812045即可獲得首購優惠卷，不賺白不賺！,,0
577,威廷,2018年8月12日,1, 送餐要一小時我是不會自己去買喔,,0
578,穎寶貝,2018年8月6日,5, 35129380 優惠碼讓我們一起得到優惠,,0
579,陳佩君,2018年8月13日,5, 意外發現的外送app，店家選擇性多，超方便,,0
580,Calleen Ling,2018年8月8日,5, 太方便了 回家就有的吃了,,0
581,蔡小安,2018年8月23日,4, 真是夜宵好方法,,0
582,廖玲怡,2018年8月13日,5, 快速方便實用的軟體,,0
583,Cynthia Artemis,2018年8月9日,5, 服務好，速度快,,0
584,黃雅惠,2018年8月12日,5, 超方便,,1
585,陳家進,2018年8月8日,5, 好好用,,0
586,陳玉娟,2018年8月12日,5, 沒有,,0
587,羅愛肝,2018年8月14日,5, 方便,,0
588,sakuya Queen,2018年7月27日,1, 有些店家的商品沒有賣要立即調整啊！不是等人下單之後都過半小時才來電通知。你們的時間是時間那客人的呢？,,5
589,陳咨妗,2018年7月29日,5, 7/1-7/31輸入我的代碼40309524即可獲得首購優惠卷105，不賺白不賺。(點了外賣後真的直接扣105元,,1
590,Google 使用者,2018年8月2日,5, 揪團功能不錯，但是跟團者也要認證手機很不方便，被同事抱怨...希望可像honestbee直接同步，少掉跟團者驗證，使用意願較高。,,0
591,謝孟哲,2018年8月3日,5, 優惠碼輸入26650199您拿105我拿100大家一起賺錢唷！,,0
592,留言君,2018年8月1日,1, 遲到的太過份，昨天預約的還遲到超過一小時，這樣的等法麵爛了，湯冷了,,0
593,英雄反馬,2018年7月31日,5, 輸入我的優惠碼25141171即可獲得105元的優惠,,0
594,HAN WU,2018年7月31日,4, 服務區域 定位功能還有進步空間,,0
595,夜深人靜獨坐觀心,2018年7月29日,5, 外送服務迅速，APP介面簡單明瞭,,0
596,金小沾,2018年7月30日,5, 方便速度快,,0
597,林魁,2018年7月28日,5, 方便而且準時,,0
598,原生人,2018年7月27日,5, 方便好用……讚,,0
599,劉淑珍,2018年7月30日,5, 方便，好用，有效率。,,0
600,彭祥麟,2018年7月31日,4, 符合使用者需求,,0
601,胡淳宇,2018年7月25日,5, good,,0
602,何雁琳,2018年7月21日,1, 不用做到這麼爛吧！客服電話還會掛客人電話？當然白癡嗎？說好五分鐘後回到，我等了一個半小時，說什麼0分鐘前取餐，請問這是客服應該有的態度嗎？詢問也可以掛客人電話？你們司機失聯，這個是客人的問題？時間上面說30～50，我等了快兩個小時，正常還有人要繼續等？,,2
603,Google 使用者,2018年7月23日,5, 輸入優惠卷3314638，即可跟我一起領取首購折扣，您還在等什麼呢？,,0
604,emily00517,2018年7月27日,5, 這個比其他平台好多了~輸入優惠碼76906320，可以賺到105元唷，大家一起賺……,,0
605,Terry Wu,2018年7月18日,5, 輸入優惠碼 40791167 得105元折扣,,0
606,elain hsu,2018年7月20日,5, 輸入優惠碼60412527 得105元折扣,,0
607,Google 使用者,2018年7月24日,5, 首次輸入兌換碼優惠32160762,,0
608,Google 使用者,2018年7月30日,5, 希望能延長營運的時間,,0
609,milda wen,2018年7月20日,5, 方便簡單快速！,,0
610,王于禎,2018年7月22日,5, 懶人的最佳選擇,,0
611,李振豪,2018年7月22日,5, 簡單好用。,,0
612,邱智強,2018年7月19日,5, 非常不錯,,0
613,Google 使用者,2018年7月22日,5, 太方便了,,0
614,Fish Wu,2018年7月21日,5, 不錯,,0
615,Hsin-Cheng Tseng,2018年7月10日,5," 優惠碼那邊是字型設定的關係嗎？優惠百元以上只看得到十位數，例如優惠200,只看到優惠20，要點進去才看得到",,0
616,蘭花媽,2018年7月6日,4, 很好用送餐很準時服務人員態度很好 就是餐點少了點 比別家好用太多了謝謝,,0
617,Jean Shen,2018年7月21日,5, 輸入我的代碼89682586即可獲得首購優惠卷,,0
618,張亦倫,2018年7月4日,5, 一起賺優惠碼54513223 優惠105元購物金,,0
619,楊芹,2018年7月5日,5, 有無快送很方便，是不想出去買時的好選擇^_^,,0
620,陳xx,2018年7月9日,5, 希望有些餐點的圖片可以參考,,0
621,yu chin ku,2018年7月11日,5, 很優質的外送平台,,0
622,Ruby,2018年7月16日,5, 克服聲音親切，送貨員可愛,,0
623,Landy Wu,2018年7月2日,5, 可以多些照片,,0
624,童芷芸,2018年7月7日,5, 優惠碼46526070拜託拜託，謝謝！！,,0
625,何銘柱,2018年7月12日,4, 這個外送真的佛心來。真的免費嗎？,,0
626,蓮子,2018年7月4日,5, 好用，方便，希望送貨時間更多,,0
627,邱柔柔,2018年7月5日,5, 非常讚，服務人員又親切、態度優、準時送達……,,0
628,謝小念,2018年7月15日,5, 很方便，讚,,0
629,劉育秀,2018年7月21日,5, 方便好用,,0
630,毛毛糖,2018年7月15日,5, 很方便,,0
631,張富傑,2018年6月21日,3, 原本訂過幾次的店家，現在都顯示超出範圍，剩下的都是同質性高的店家。常常打開App看一輪後就直接關掉，那裝App幹嘛！？,,2
632,Google 使用者,2018年6月25日,5, 輸入優惠碼55865516即可得105元優惠卷,,0
633,黃韻婷,2018年6月29日,5, 輸入優惠碼13149650，即可獲得105的優惠卷,,0
634,Bo dora,2018年6月25日,2, 剛下載，為何都有51個未讀取圖示，怎麼清除?看了很煩,,0
635,WANPING HU,2018年7月2日,5, 好用方便，建議7:00後也能開放外送,,0
636,怡佳,2018年6月30日,1, 新竹地區全部沒營業,,0
637,Lingen Chen,2018年6月29日,4, 活動優惠很讚,,0
638,連先生,2018年6月27日,4, 優惠碼:24436038,,0
639,Susan Huang,2018年6月8日,3, 很奇怪 明明在我家附近走路可以到或是捷運只有一個站的店 卻顯示超出範圍 不懂外送範圍的標準在哪,,2
640,Angie Chau,2018年6月11日,5, 不錯，客服會即時主動聯絡處理訂單問題。 目前配送也做不錯，希望未來開發更多合作店家。,,0
641,saki笑笑,2018年6月8日,1, 同個社區但是差幾條巷子就在外送範圍外了(。•ˇˍˇ•。),,2
642,Nancy Chen,2018年6月18日,1, 好不容易訂完～又打來說文山區不送～浪費大家的時間...,,1
643,陳柏佑,2018年6月7日,1, 晚上七點就沒送了是要吃啥碗糕？,,2
644,視頻box,2018年6月9日,1, 晚上7點後這APP就沒用了,,0
645,林郁州,2018年6月12日,4, 很不錯，都不用出門了，希望能夠有更多店家更多選擇,,0
646,Google 使用者,2018年6月11日,4, 很方便，不錯尤其是下雨天或豔陽日,,0
647,鄭嚴,2018年6月6日,5, 優惠碼3134450不用白不用啊哈哈哈,,1
648,Syuan Wu,2018年6月10日,5, 6/1～6/30輸入我的代碼4966378，即可獲得優惠卷哦！,,0
649,Google 使用者,2018年6月17日,5, 設計簡單，操作符合直覺,,0
650,盧心慧,2018年6月6日,4, 24693928 輸入優惠碼，獲得優惠券：）,,0
651,H Juno,2018年6月24日,4, 運費漲價不好,,1
652,陳健凱,2018年6月6日,5, 使用尚簡,,0
653,高糕,2018年6月8日,5, 服務不錯,,0
654,黃品軒,2018年6月20日,5, 實用,,0
655,曾亭媗,2018年6月11日,5, 輸入優惠碼85272480，即可獲得105元優惠券，快輸入!!,,0
656,吳育吟,2018年6月5日,5, 便利,,0
657,QcU O!O,2018年6月4日,5, 優惠碼67267949 填選優惠碼可以拿105元 抵用券哦！,,1
658,潘真,2018年6月5日,1, 越來越慢了 時間完全與上面不符合,,0
659,Tobey,2018年5月31日,5, 優惠碼：44532876,,2
660,loading lin,2018年6月3日,5, 優惠碼：43889378,,0
661,阿王,2018年6月3日,1, 時間觀念差,,0
662,Taylor Shen,2018年6月1日,5, 發現小編都只留顏文字 (`●__●ˊ) /,,0
663,簡源池,2018年5月31日,5, 方便好用,,0
664,Brandon Chen,2018年5月29日,1, 第一次訂餐就遲到35分鐘 非常無言,,0
665,Hung Chen,2018年5月27日,5, 一起拿優惠吧~4391925~結帳記得輸入打折喔,有無科技2018年5月28日ლ(´ڡ`ლ),0
666,Sky Wu,2018年5月29日,4, 優惠碼55441211，一起分享超划算,,0
667,郝旺,2018年5月26日,5, 親切周到,"有無科技2018年5月28日dear 郝旺
很開心你喜歡喔~",0
668,陳偉宏,2018年5月24日,4, 還不錯用,有無科技2018年5月28日٩(♡ε♡ )۶,0
669,Grace,2018年5月17日,1," 訂單遲到40分鐘，line的客服無任何回應，好幾天了，這種外送品質我覺得不是外送人員的問題，是客服的問題，都無任何改進 
如果不是很閒，不想午餐吃成下午茶還是改用別的程式","有無科技2018年5月21日dear Grace
居然讓您遇到這種事，趕快跟小編說您是在什麼時後敲line@的，小編會追到服務人員並將您的回饋轉告給相關單位之主管，很抱歉",2
670,朴茶茶,2018年5月19日,5, 很方便很好的服務，希望還會有更多的店家能外送,"有無科技2018年1月1日Dear朴茶茶,
謝謝您的肯定，小編心情好好｡:.ﾟヽ(*´∀`)ﾉﾟ.:｡
我們一定會努力新增店家，讓您天天可以不重樣吃得開心唷！ d(`･∀･)b",2
671,dearewching,2018年5月25日,5, 服務人員態度非常好 很驚艷的服務態度,"有無科技2018年5月28日dear dearewching
感謝您的喜歡喔~~~",0
672,yi chen,2018年5月17日,5, 33203622 輸入優惠碼，可以獲得優惠券哦,有無科技2018年5月21日(๑´ڡ`๑),0
673,Sherry Huang,2018年5月14日,5, 一個人也會送，非常方便,"有無科技2018年5月14日dear Sherry Huang
我們絕不讓你孤單~~~(/◕ヮ◕)/",1
674,陳顗涵,2018年5月22日,3, 這公司有人嗎？所有管道都沒有人理,"有無科技2018年5月28日dear 陳顗涵
哈搂哈搂~有什麼問題請在周一至周五用line@敲小編，小編都會在喔~",0
675,張依婷,2018年5月14日,5, 優惠碼49877738,有無科技2018年5月21日ヽ(^o^)丿,0
676,Yuyu Su,2018年5月16日,5, 42627655優惠碼,有無科技2018年5月21日٩(♡ε♡ )۶,0
677,Abby Wu,2018年5月13日,5, 02505561優惠碼,有無科技2018年5月14日ლ(´ڡ`ლ),0
678,kathy吳,2018年5月12日,5, 方便好用,有無科技2018年5月14日(•ө•)♡,0
679,林易申,2018年5月11日,5, 好用，方便 ~,有無科技2018年5月14日٩(♡ε♡ )۶,1
680,羅曼尼,2018年5月15日,5, Yummy,有無科技2018年5月21日ლ(´ڡ`ლ),0
681,peter chen,2018年5月12日,5, 不錯,有無科技2018年5月14日(๑´ڡ`๑),0
682,Wu Yuri,2018年5月6日,5, 好方便哦！外送員很準時，我點完單時都覺得設定半小時似乎有點來不及，結果居然準時送到，pizza還是熱的!!!運費收的很合理又常有折扣~初次體驗很不錯，會想推薦給別人使用！,"有無科技2018年5月7日dear Wu Yuri
我們家騎士真的都使命必達耶(/◕ヮ◕)/ 趕快幫小編推薦給更多人ヽ(^o^)丿",1
683,CS LIN,2018年5月6日,5, 27209098 新朋友輸入拿百元優惠卷喔,有無科技2018年5月7日(*´∀｀),0
684,IL T,2018年5月5日,5, 軟體明瞭好操作，過程公開透明合理，服務親切有禮貌,"有無科技2018年5月7日dear IL T
短短幾個字就知道你真的超愛我們家~~~",0
685,Gustavo Lin,2018年5月7日,5, 好用喔,有無科技2018年5月7日(๑˃̵ᴗ˂̵)ﻭ,0
686,Airbus Wang,2018年5月7日,5, 方便，準時。,"有無科技2018年5月7日dear 王余中
這是一定要的啦ლ(´ڡ`ლ)",0
687,evilhaha456,2018年5月1日,5, 非常方便,有無科技2018年5月7日٩(♡ε♡ )۶,0
688,黃傑森,2018年4月21日,4, 方便,有無科技2018年4月24日(ﾉ&gt;ω&lt;)ﾉ,2
689,王芸禎,2018年4月30日,5, 方便,"有無科技2018年5月2日dear王芸禎
感謝您的喜歡喔~~~~",0
690,Google 使用者,2018年4月26日,5, 很棒,有無科技2018年4月30日ε٩(๑&gt; ₃ &lt;),0
691,Candy Huang,2018年3月27日,5, 第一次使用非常喜歡，感謝拯救桃園的美食外送。  期待更多美食店家！ 祝有無快送順利長久經營！,"有無科技2018年4月3日DEAR Candy Huang
感謝你的喜歡與祝福~",5
692,Steven Lai,2018年10月18日,1, 什麼爛app，又不是住深山，桃園蘆竹就算了，連新莊都沒得外送，垃圾app,,1
693,林宛瑾,2018年4月11日,1, 已取消了，餐還送來，還跟我收費，跟你們反應，竟然說你已經付費那就付了，那怎麼辦，這就是你們解決的事情嗎，還要我吸收...,"有無科技2018年4月20日dear 林宛瑾
怎麼會發生這種事呢?快來line@跟小編說說，小編會再反映給相關單位的主管們(｡&gt;﹏&lt;｡)",0
694,Google 使用者,2018年4月4日,5, 輸入優惠代碼69297754，馬上現賺105元優惠哦！,有無科技2018年4月10日(/◕ヮ◕)/,2
695,Ray,2018年3月26日,1, 明明開定位還一直跳掉要我開定位,"有無科技2018年3月26日Dear Ray,

定位不能完全設定在正確的位置唷(*ﾟ∀ﾟ*)
如同google map的定位無法準確抓到你的所在地(ゝ∀･)
建議手動輸入地址才不會跑位唷(´・ω・`)",0
696,林嘉彬,2018年3月31日,5, 首購輸入優惠碼57426789，可以折抵金額105元,,0
697,傅小珠,2018年4月15日,5, 店家做餐速度快  外送速度也快  很讚,"有無科技2018年4月20日dear 傅小珠
很開心你喜歡我們喔 (•ө•)♡",0
698,Ivan Ho,2018年4月12日,4, 輸入優惠推薦碼29592811，可享首購優惠,有無科技2018年4月20日٩(♡ε♡ )۶٩(♡ε♡ )۶,0
699,黃紹凱,2018年3月31日,5," 3/26-4/8優惠券輸入22815126 ,首購享有折扣105元",,0
700,e拉維,2018年4月1日,1, 都超出範圍不能送,有無科技2018年4月3日快告訴小編你所在的區域，說不定很快就會開放了喔~,0
701,吳有為,2018年4月8日,5, 很不錯的軟體！！推,有無科技2018年4月10日(๑´ڡ`๑),0
702,鄒慶達,2018年4月2日,5, 很讚的軟體,有無科技2018年4月3日(灬ºωº灬),0
703,朱葉宏,2018年4月7日,5, 非常方便實用,有無科技2018年4月10日ヽ(●´∀`●)ﾉ,0
704,Google 使用者,2018年3月30日,5, 方便選擇多,有無科技2018年4月3日(〃∀〃),0
705,沈淑華,2018年4月5日,4, 點菜方便,"有無科技2018年4月10日DEAR 沈淑華
很開心您喜歡我們家的APP喔~",0
706,Eva Chen,2018年4月9日,4, 方便好用,有無科技2018年4月10日ლ(´ڡ`ლ),0
707,kAREEN CHANG CHIEN,2018年4月13日,5, 實用,有無科技2018年4月20日(๑˃̵ᴗ˂̵)ﻭ,1
708,蕭錫民,2018年3月31日,5, 好用,有無科技2018年4月3日(✪ω✪),0
709,宋丞崇,2018年3月31日,4, 不錯,有無科技2018年4月3日(๑´ㅂ`๑),0
710,葉泱志,2018年3月29日,5, 好用,有無科技2018年4月3日(*´∀`)~♥,0
711,Fatty Hsu,2018年4月5日,5, 讚,"有無科技2018年4月10日DEAR Fatty Hsu 
謝謝您的喜歡喔~~ლ(´ڡ`ლ)",0
712,Olivia Gong,2018年3月27日,5, 客服很棒,"有無科技2018年4月3日DEAR Olivia Gong
客服們開心到灑花了~",1
713,Arthur Chiu,2018年3月15日,1, 爛爆了 搶飲料的活動我9點馬上開始搶 我手機滿格一直說我網路不穩不給我選時段 浪費我9分鐘終於選成功後 說已售完 是我網路有問題還是你們app有問題?? 上網都正常就用你們app時才不穩?,"有無科技2018年3月20日Dear Arthur,

很抱歉╮(╯_╰)╭
該活動讓你沒有參與到(╥﹏╥)
小編會請行銷多多規劃活動(σ′▽‵)′▽‵)σ",0
714,吳家興,2018年3月11日,3, 不知道怎麼用，打電話給店家就好了嗎,"有無科技2018年3月12日dear吳家興
不知道怎麼用就要來問小編阿(((ﾟДﾟ;)))
小編閒閒等大家跟小邊聊天耶｡:.ﾟヽ(*´∀`)ﾉﾟ.:｡
快打開line搜尋有無快送敲小編ヽ(́◕◞౪◟◕‵)ﾉ",1
715,Google 使用者,2018年3月17日,4, 謝謝您們的外送服務,有無科技2018年3月20日(ﾉ&gt;ω&lt;)ﾉ,0
716,薛玉雪,2018年3月12日,5, 很方便，可送餐到病房,"有無科技2018年3月16日Dear 玉雪,

祝早日康復(*´▽`*)",0
717,沈琳晶,2018年3月10日,5, 好用，司機送餐快,"有無科技2018年3月12日dear沈琳晶
你喜歡小編好開心(〃∀〃)",0
718,藍于舒,2018年3月14日,5, 真的蠻好用的,"有無科技2018年3月16日Dear 于舒,

用過的都愛不釋手(ﾉ&gt;ω&lt;)ﾉ",0
719,Google 使用者,2018年3月15日,5, 爛爆了,"有無科技2018年3月16日Darling,

怎麼了(((ﾟдﾟ)))
快跟小編說說ლ(・´ｪ`・ლ)",0
720,Claire Hung,2018年3月17日,4, 很好用,有無科技2018年3月20日(^u^),0
721,蒙面裸體吃雞,2018年3月16日,5, 物美價廉，好吃，「大姐的店」,"有無科技2018年3月16日Dear 蒙面裸體吃雞,

哪間店家(^y^)
快跟小編分享(ﾉ∀`*)",0
722,楊筑棋,2018年3月13日,4, 謝謝,"有無科技2018年3月16日Dear 筑棋

ヽ(●´∀`●)ﾉ",0
723,蔡薰儀,2018年3月3日,5, 很實用 不想出門時很方便,"有無科技2018年3月5日Dear 薰慧,

(o´罒`o)",1
724,Ma Ku,2018年3月2日,5, 服務態度很好！！,"有無科技2018年3月5日Darling,

(๑•́ ₃ •̀๑)",3
725,廖瑋怡,2018年3月5日,5, 時間抓滿準!假日好朋友啊~,"有無科技2018年3月9日Dear 瑋怡

我們都是好朋友(*ﾟ∀ﾟ*)
讓我們來牽著手(ゝ∀･)
歡樂時光莫錯過(σ′▽‵)′▽‵)σ
留住歡笑在心頭(≧∀≦)ゞ",0
726,李瑋凡,2018年2月25日,5, 好用的,"有無科技2018年2月26日Dear 瑋凡 

( ♥д♥)",0
727,Vincent More,2018年2月22日,2," 更新到今天最新版本 完全進不去吧app, 就卡在 讀取畫面 完全沒反應","有無科技2018年2月26日Dear Vincent ， 

怎麼會這樣(ﾟд⊙)
快到line@跟小編說你的手機系統及版本還有更新的APP版本(´･ω･`)
另外再提供卡住的畫面給小編٩(•ิ˓̭ •ิ )ง
小編立即請工程師確認異常ヾ(*´∀ ˋ*)ﾉ",0
728,Momo Yang,2018年2月23日,1, 真的太糟糕了，客人都到了才說，商品不夠直接取消，太傻眼了（已刪除，一點都不實用）,"有無科技2018年2月26日Dear MoMO,

請到line@提供訂單編號給小編(◔⊖◔)つ
小編確認狀況為你出口氣(#`Д´)ﾉ
正常流程我們客服一定會電話聯絡通知(ง๑ •̀_•́)ง
若你忙碌沒有接聽電話( • ̀ω•́ )
我們也會推播通知訂單處理狀況唷•_ゝ•",0
729,eva eva,2018年3月15日,4, 訂餐很方便,"有無科技2018年3月16日Dear 玫君,

ヽ(✿ﾟ▽ﾟ)ノ",0
730,Marta Lee,2018年2月23日,4, 操作簡單方便，,"有無科技2018年2月26日Dear Marta 

♥(´∀` )人",0
731,Aaron Hsu,2018年2月23日,5, 好用,"有無科技2018年2月26日Dear Aaron ,

(*´∀`)~♥",0
732,沈韶姮,2018年2月20日,5, 客服人員相當主動有效率！送餐很快，店家很多,"有無科技2018年2月26日Dear 韶姮，

每天面對負能量的客服(*ﾟ∀ﾟ*)
如果知道被誇獎了(ゝ∀･)
他們一定會很開心(´▽`ʃ♡ƪ)""
比去諮商還有用ლ(・´ｪ`・ლ)
你好棒σ(´∀｀*)
有你真好(≧∀≦)ゞ",0
733,Andu Liu,2018年2月5日,5, 非常好用及方便，多點餐廳選擇會更好!謝謝!繼續加油!,"有無科技2018年2月12日dear Andu Liu
為了你我們會繼續加油的(๑˃̵ᴗ˂̵)ﻭ",1
734,Andy C,2018年2月6日,1, 無法設定取消推播，一直跳出通知超煩,有無科技2017年4月17日您好:感謝您的建議，我們會將該建議提供給內部人員，謝謝您,1
735,Angulo Shih,2018年2月9日,4, 希望可以再縮短預定到餐時段,"有無科技2018年2月12日dear Angulo Shih
我們當然希望可以快速的將您的餐點送到您的手上(ㆁωㆁ*)
預定時間，我們到會依照當下的氣候去做運送時間上的調整ʕ•ᴥ•ʔ
每個騎士都非常努力快速的將餐點送到您的手上喔(/◕ヮ◕)/",0
736,Janet Lu,2018年2月11日,5, 終於有外送桃園的了！,"有無科技2018年2月12日dearJanet LU
終於可以服務到您了~~~",1
737,馬緒川,2018年2月3日,5, 很棒的服務！使命必達！,"有無科技2018年2月4日Dear 緒川，

為了你ヾ(●゜▽゜●)♡
使命必達還不夠(・`ω´・)
一定要做到讓你感動(●´ω｀●)ゞ",0
738,Google 使用者,2018年2月8日,1," 在指定送達時間的前15分鐘才通知店家沒有接電話,直接幫我們取消. 後續完全沒有任何補償等機制.   然而實際上,店家開店時間本來就晚,此平台沒有調查清楚.    致電客服小姐態度超差, 還一直強調我們是怕耽誤您用餐的時間所以才幫您取消. 還狡辯說取消是經過我同意.  只說了那你想要甚麼補償. 而不是更重要的防止下次發生的機制  另外,此外送app 並非有跟店家做簽約等機制.  詢問客服若是外送人員在餐點裡加料亦或更嚴重下毒等的情況如何防止. 客服小姐竟然說 這種事情就算是叫店家直接外送都有可能發生. 如果發生了我們會走法律途經, 即使知道犯罪很難預防,但連約束外送人員等等的措施都沒有, 發生事…完整評論在指定送達時間的前15分鐘才通知店家沒有接電話,直接幫我們取消. 後續完全沒有任何補償等機制.   然而實際上,店家開店時間本來就晚,此平台沒有調查清楚.    致電客服小姐態度超差, 還一直強調我們是怕耽誤您用餐的時間所以才幫您取消. 還狡辯說取消是經過我同意.  只說了那你想要甚麼補償. 而不是更重要的防止下次發生的機制  另外,此外送app 並非有跟店家做簽約等機制.  詢問客服若是外送人員在餐點裡加料亦或更嚴重下毒等的情況如何防止. 客服小姐竟然說 這種事情就算是叫店家直接外送都有可能發生. 如果發生了我們會走法律途經, 即使知道犯罪很難預防,但連約束外送人員等等的措施都沒有, 發生事情了可能也只會如上問你要如何補償.      客服小姐的態度咄咄逼人,想要用說話速度壓制一切問題.","有無科技2018年2月12日dear
您的反應我將會轉給內部相關人員，感謝您的回饋喔",1
739,Jenny shih,2018年2月3日,4, 會繼續使用,"有無科技2018年2月4日Dear Jenny ，

不可以不用喔(｡•ㅅ•｡)♡
打勾勾＼(●´ϖ`●)／",0
740,Ming Shih Huang,2018年2月4日,5, 很方便，而且準時！,"有無科技2018年2月4日Dear Ming Shih，

方便準時超基本(≖ᴗ≖๑)
把你抓緊緊才重要ᕦ(ò_óˇ)ᕤ",0
741,陳紹鵬,2018年2月8日,5, 服務很棒,"有無科技2018年2月12日dear 陳紹鵬
這是一定要的阿
一定要越來越喜歡我們喔(｡•ㅅ•｡)♡",0
742,Google 使用者,2018年1月30日,5, 外送人員態度良好,"有無科技2018年2月4日Darling,

謝謝你的讚譽(´,,•ω•,,)♡
騎士知道會驕傲屁股翹高高｡:.ﾟヽ(*´∀`)ﾉﾟ.:｡",2
743,王蓓琪,2018年1月28日,5, 外送人員送交很快速，服務態度很好,"有無科技2018年1月29日Dear 蓓琪，

快速服務和態度良好是基本｡:.ﾟヽ(*´∀`)ﾉﾟ.:｡
快跟小編說你還想要怎樣的幸福服務ლ(・´ｪ`・ლ)",0
744,wang alejandro,2018年1月31日,5, 越來越多餐廳可選!,"有無科技2018年2月4日Dear alejandro，

為了滿足你各種口慾(σ′▽‵)′▽‵)σ
餐廳一定要琳瑯滿目ლ(・´ｪ`・ლ)",0
745,Andy Ling,2018年1月26日,5, 好貨,"有無科技2018年1月29日Dear Andy ，

有無沒有爛貨｡:.ﾟヽ(*´∀`)ﾉﾟ.:｡",2
746,王治富,2018年1月28日,4, 謝謝～,有無科技2017年6月19日您好:非常感謝您的回饋，您所提及的問題我們會加強做內部溝通及盡快改善，謝謝您,2
747,Morris Yu,2018年1月24日,5, 對於生活機能不佳的淡水紅樹林區域提供了竹圍地區的訂購外送 ，目前雖然服務的商店家數並不是非常多 ，但是滿足一兩餐的餐點及飲料是相當好的服務 。希望慢慢能多一點店家提供點餐 ，使用起來會更方便 ！,"有無科技2018年1月29日Dear Morris，

WOW(≧∀≦)ゞ
歡迎竹圍用戶(*´з｀*)
店家我們都有在陸續增加中唷σ(´∀｀*)
若你有推薦店家趕快跟我們說(●´ω｀●)ゞ
小編等你來呀(≧∀≦)ゞ

請加入用戶Line@，官方搜尋:有無快送",1
748,Winnie Zheng,2018年2月5日,3, 之前很滿意這個App，但現在運費真的飆漲的讓人又跳回使用蜜蜂了。,"有無科技2018年2月5日Dear Winnie,

千萬不要讓運費嚇到(*ﾟ∀ﾟ*)
運費機制隨著天氣和人力狀態機制浮動(ゝ∀･)
如同Uber一樣喔ξ( ✿＞◡❛)
但免擔心(・ε・)
運費還是會回復原本的費用唷＼(●´ϖ`●)／",1
749,Shiau-Wen Lin,2018年1月26日,5, 合作餐廳多,"有無科技2018年1月29日Dear Shiau-Wen ，

餐廳再多(ゝ∀･)
還是少你推薦ლ(・´ｪ`・ლ)",1
750,Kelly Lin,2018年1月24日,5, 騎士送件速度快，讚！,"有無科技2018年1月29日Dear Kelly  ，

小編深深覺得有無騎士就是快狠準σ(´∀｀*)",1
751,TheKate411,2018年1月25日,5, 送餐快速,"有無科技2018年1月29日Dear TheKate411，

我們騎士好棒棒(´▽`ʃ♡ƪ)""",0
752,曾琇琳,2018年1月18日,5, 服務迅速確實，讚！讓行動不便、不想外出者，也可以享受美食。 還有許多餐廳期待能提供外送服務，例如:瓦城，蘭軒中國菜。,"有無科技2018年1月22日Dear琇琳,
有喔有喔！我們外務同仁有努力在開發新店家！ (ง๑ •̀_•́)ง
我們也好希望趕快新增更多好吃的餐廳 d(`･∀･)b
讓大家365天，天天都吃不同家！哈哈～ ε٩(๑&gt; ₃ &lt;)۶з",2
753,李品儀,2018年1月19日,5," 怎樣才能關掉最新公告,完全進不去首頁,無法點餐",有無科技2017年6月12日您好:很抱歉造成您的困擾，麻煩您與我們聯繫02-8978-7707#760，我們將會有專員為您處理，謝謝,1
754,韻凌,2018年1月23日,1, 為什麼一直出現推薦朋友更新不更新的我才剛下載欸..都進不去,"有無科技2018年1月29日Dear 韻凌 ，

小編跟你解釋ξ( ✿＞◡❛)
小編更新時很緊張也有遇到這問題(́◉◞౪◟◉‵)
半夜馬上問工程師=͟͟͞͞( •̀д•́)
因為那時間點系統還在更新ლ(・´ｪ`・ლ)
但是不論app store還是google商店一樣還是可以下載(´⊙ω⊙`)
所以這時候下載會發生這狀況( ﾟ∀ﾟ)o彡ﾟ
等更新完畢下載就可以正常使用唷σ(´∀｀*)",0
755,黃小姐,2018年1月19日,5, 不受限店家，喜歡,"有無科技2018年1月22日Dear黃小姐,
很高興您喜歡我們的APP ♥(´∀` )人
使望您可以常常使用它唷！感恩感恩～ (♡˙︶˙♡)",0
756,張WenJan,2018年1月17日,4, 服務好,"有無科技2018年1月22日Dear WenJan 張 , 
謝謝您耶~  (♡˙︶˙♡)
小編回覆每個人的留言和LINE@問題都是很用心的 (*ˇωˇ*人)
小編和騎士們都很高興為您服務！ (*´∀`)~♥",0
757,Cindy Chang,2018年1月12日,3, 運費漲好多。 店家麵有昆蟲（煮熟了還這麼大隻）…… 覺得要把關一下店的品質,"有無科技2018年1月15日Dear Cindy Chang,
運費現在用的是比較彈性的機制，送越遠當然就增加一些，近近的就很便宜囉！(๑• . •๑)
然後麵有昆蟲也太嚇人了！哭哭～小編先替店家跟妳說對不起!!!　(((ﾟДﾟ;)))
怎麼沒有馬上來LINE@找小編？　(,,ﾟДﾟ)
小編一定會馬上跟訂餐客服和主管反應的！ Σ( ° △ °)",1
758,陳政威,2018年1月15日,3, 還是不知道點什麼，因為新北三重沒有外送………但是foodpanda有送耶！,"有無科技2017年12月11日Dear 政威，

什麼Σ(lliдﾟﾉ)ﾉ
你用熊貓(゜皿。)
我們12/19雙北全面啟動服務(*´∀`)~♥
無論你走到雙北的哪兒(*´ω`)人(´ω`*)
都有我們陪伴在你身邊唷(*´з｀*)",0
759,CHEN君,2017年12月29日,5, 配送準時，不管是騎士還是客服，服務態度都很讚,"有無科技2018年1月1日Dear陳君,
謝謝您的肯定，｡:.ﾟヽ(*´∀`)ﾉﾟ.:｡
只有更好沒有最好，小編和騎士們隨時都很高興為您服務的唷！ (❛◡❛✿)",1
760,方小米,2018年1月7日,5, 真的很棒的APP👍👍👍無法出門買東西吃的時候，都很港動有這個APP的存在😂,"有無科技2018年1月8日Dear冠麒,
小編也醬覺得 ‹‹\(´ω` )/››‹‹\( 　´)/››‹‹\( ´ω`)/››
有無快送真的是太方便啦　 (╯✧∇✧)╯
在家不想出門或真的無法走開身…有人送上門真的猴港動~ (☍﹏⁰) 
謝謝您喜歡我們的APP (●´ω｀●)ゞ
要常常點開來訂餐唷 (　ﾟ∀ﾟ)つ≡≡≡♡♡♡)`ν゜)ｸﾞｼｬ",0
761,Yulie Yu,2018年1月5日,4, 和蜜蜂比較起來運費真的有點貴，明明不到10分鐘的車程要70運費。。。,"有無科技2018年1月8日Dear Yulie Yu:
我們運費會機動調整的 ( ˘･з･)
您避開尖峰時間下訂單就會發現不一樣( ^ω^)
還有點放大鏡(搜尋)裡面就會直接列出有滿額折抵和運費優惠的店家囉(✪ω✪)",0
762,Ni Domo,2018年1月1日,3, 希望店家可以放上menu提供點餐,"有無科技2018年1月8日Dear Ni Domo,
APP上右邊的快送店家都可以直接點餐的唷 (^ρ^)/
左邊的美食探索，我們目前規劃由店家自主管理(ゝ∀･)
已經有越來越多的店家會上傳menu照片和看起來好好吃的美食照片了(✪ω✪)
您也可以提醒您愛吃的餐廳別忘了上傳照片唷！謝謝您(♡˙︶˙♡)",0
763,施小姐,2018年1月5日,4, 希望可以延伸到其他外送區域,"有無科技2018年1月8日Dear逸萱,
快偷偷告訴小編妳住在哪兒 (ﾉ∀`*)
小編知道有很多區域都在緊鑼密鼓準備中 (*´ω`)人(´ω`*)
很快就要開放快送服務囉！ ｡:.ﾟヽ(*´∀`)ﾉﾟ.:｡",0
764,Huang Yi-Ping,2018年1月2日,5, 很方便 希望能增加更多店家,"有無科技2018年1月8日Dear Huang Yi-Ping,
有有有～菜單小天使們每天都很認真的在打字新增唷ε٩(๑&gt; ₃ &lt;)۶з
如果您有中意的餐廳還沒被我們放進APP (✪ω✪)
別忘了還可以使用我們美食許願池來告訴小編唷d(`･∀･)b
我們一定會快馬加鞭的幫您新增店家的＼＼\\٩( 'ω' )و //／／",0
765,Karen Huang,2017年12月31日,5, 服務時間可以再晚點就更方便了,"有無科技2018年1月1日Dear Karen Huang,
謝謝您的建議，小編會回報給公司唷！ (*´∀`)~♥
如果延後時間的需求很多，就不用擔心騎士在路邊唱：等不到泥～等不到泥～～",0
766,Alan Fang,2017年12月29日,4, 配送很快 服務也很親切,"有無科技2018年1月1日Dear Alan Fang,
讓您在最快時間吃到熱騰騰的飯菜是我們最大願望ヽ(・×・´)ゞ
謝謝您喜歡我們的服務唷！ (´▽`ʃ♡ƪ)
您的滿意，有無騎士們都感受得到(๑• . •๑)",0
767,Kayin Chen,2018年1月9日,5, Good！,"有無科技2018年1月15日Dear Kayin Chen,
thanks! ε٩(๑&gt; ₃ &lt;)۶з
We hope you enjoy our service(≧∀≦)ゞ",0
768,林韻芳,2018年1月5日,4, 很方便,"有無科技2018年1月8日Dear韻芳:
謝謝您跟小編一樣超愛有無快送的 Σ&gt;―(〃°ω°〃)♡→
尤其是寒流又下雨的天氣  ||Φ|(|´|Д|`|)|Φ||
有人可以幫忙送食物來家門口實在是太幸福啦！ ( ♥д♥)",0
769,7 7,2018年1月7日,5, 服務態度超好 👍👍👍,"有無科技2018年1月8日Dear chii z,
終於讓我們服務到您了 (　ﾟ∀ﾟ) ﾉ♡
淡水冬天特別冷又下雨,最適合訂有無快送的美食了 (ㅅ˘ㅂ˘)
謝謝您喜歡我們的服務喔ヾ(*´∀ ˋ*)ﾉ
幫騎士們謝謝您 (♡˙︶˙♡)",0
770,藥研,2017年12月27日,5, 很好用的APP，順便表白一下用顏文字的小編超可愛XD,"有無科技2018年1月1日Dear 御守,
阿哈哈阿哈哈,小編害羞到不知道要說什麼了… (´///☁///`)
謝謝您喜歡我們的APP，要常常用唷！(遮臉逃跑) (*´艸`*)",0
771,Lin Hao Hsu,2017年12月22日,1, 沒免運 我直接跟店家定還不用外送費 外送人員態度極差 評價給低 下次還是同一個  這樣還敢跟人收外送費？？？,"有無科技2017年12月18日Dear Lin Hao Hsu,

我們APP店家超超超超多耶d(`･∀･)b
小編相信不是每間店家都是一份餐點免運送(^u^)
有些店家需要給運費甚至要求需滿多少才願意服務喔(ﾉ&gt;ω&lt;)ﾉ
我們收取的運費都是給辛苦的外送騎士(^y^)
當然不論你買多少(｡◕∀◕｡)
即使只有一份(^_っ^)
我們也配送至你指定地點ξ( ✿＞◡❛)
只有有無才有這麼好的服務♥(´∀` )人
當然小編還是想跟你分享ε٩(๑&gt; ₃ &lt;)۶з
任何服務都是需要值得的鼓勵ლ(╹◡╹ლ)
無論是支付費用或是其他方式(⁰▿⁰)
想想特地到餐廳用餐(๑´ㅂ`๑)
餐廳也跟您收取服務費呀(❛◡❛✿)
不管您使用哪種方式讚許提供服務你的人( ^ω^)
我們都希望台灣可以更好唷(๑• . •๑)",9
772,麥森光,2017年12月26日,5, 建議把菜單改一下 可點餐跟不可點餐分開 因為你們現在這樣的菜單太複雜,"有無科技2018年1月1日Dear麥森光,
其實很簡單的～d(d＇∀＇)
您定位完成之後，右半邊的快送店家就是可以直接APP點餐的 (σ′▽‵)′▽‵)σ
左邊的美食探索才是會依距離決定能不能送餐。 ლ( • ̀ω•́ )っ
如果覺得小編說不清楚，請直接來line@找小編喔！｡:.ﾟヽ(*´∀`)ﾉﾟ.:｡

LINE@，請搜尋官方帳號：有無快送",3
773,王舜慧,2017年12月24日,5, 很方便！外送員一個比一個還要態度良好～～～最愛有無了！,"有無科技2017年12月25日Dear舜慧,
真是太感動了ε٩(๑&gt; ₃ &lt;)۶з
騎士們一定也有感受到妳的善意回應(๑• . •๑)
請持續給予我們有無騎士團支持與鼓勵唷(๑•̀ㅂ•́)و✧
我們也會聚續努力加油的(ง๑ •̀_•́)ง
愛妳唷｡:.ﾟヽ(*´∀`)ﾉﾟ.:｡",0
774,Brian Kuo,2017年12月25日,1, 不能關閉app通知,"有無科技2017年12月25日Dear Brian Kuo,
咦？怎麼會這樣呢 (*´･д･)?
快加入LINE@跟小編聯絡(◔⊖◔)つ
小編和工程人員研究看看是不是您手機自己本身的設定沒有關到(๑ơ ₃ ơ)♥
LINE@，請搜尋官方帳號：有無快送",0
775,朱立元,2017年12月28日,5, 吃飽喝足不錯用!!!,"有無科技2018年1月1日Dear朱立元,
謝謝您喜歡我們的服務,不要忘記還有省錢的免付費電話喔！ ξ( ✿＞◡❛)",0
776,張子仁,2017年12月27日,5, 方便實用操作簡易。,"有無科技2018年1月1日Dear 張子仁,
您的8個字和五星評價給了設計部門和工程部門最大的肯定✧*｡٩(ˊᗜˋ*)و✧*｡
小編替大家謝謝您唷！ ε٩(๑&gt; ₃ &lt;)۶з",0
777,Tina H,2018年1月6日,4, 方便的app，如果可以增加菜單介紹會更好，畢竟不是每個餐點名稱都簡單明瞭，尤其是對某些族群的人。,"有無科技2018年1月8日Dear Tina H:
謝謝您的建議喔！小編會告訴相關部門您的需求ヽ(㊤V㊤*)ﾉ
謝謝您愛用我們的APP ✧◝(⁰▿⁰)◜✧",0
778,Linda Li,2017年12月24日,1, 運費太貴了，多叫兩間以上運費嚇死人了,"有無科技2017年12月25日Dear Linda Li,
運費現在是依距離機動調整的唷(｡í _ ì｡)
近一點運費低一點q(`･∀･)q遠一點就會增加一些d(`･∀･)b
不管颳風下雨大太陽都努力送餐的騎士們好辛苦(つ´ω`)つ
他們的付出需要相對應的報酬來鼓勵(✪ω✪)小編幫騎士們謝謝您(*´∀`)~♥",2
779,Garcia,2017年12月19日,5, 很棒的訂餐App 經常用到 值得鼓勵! ^_^,,1
780,Owen Shen,2017年12月12日,1, 滿額免運全消失，這app也可以刪了，我直接跟店家訂就好了。,"有無科技2017年12月18日Dear 世平,

我們的店家非常多ლ(╹◡╹ლ)
你怎麼捨得刪掉APP(ﾟд⊙)
每期的活動不一樣(ゝ∀･)b
雖然滿額免運的活動已經結束╮(╯_╰)╭
但是會有更多新的優惠活動唷(σ′▽‵)′▽‵)σ
舊的不去新的不來嘛｡:.ﾟヽ(*´∀`)ﾉﾟ.:｡
想知道有什麼好康新活動σ ﾟ∀ ﾟ) ﾟ∀ﾟ)σ
請鎖定用戶Line@唷(́=◞౪◟=‵)

用戶line@，請官方搜尋，有無快送",15
781,楊阿翔,2017年12月18日,2, 從最開始用到現在外送費越來越貴,,2
782,李秀霞,2017年12月17日,5, 送貨迅速  態度又好 分享給大家喔,"有無科技2017年12月18日Dear 秀霞，

你人真好σ`∀´)σ
大方分享(〃∀〃)
小編相信(^_っ^)
有無值得(｡◕∀◕｡)
你的推薦與愛戴(σ′▽‵)′▽‵)σ",0
783,MIDO H,2017年12月10日,5, 很方便，懶得出門最佳選擇,"有無科技2017年12月11日Dear 品晞，

尤其最近天氣很討人厭的愛下雨(〒︿〒)
配送的便利感倍增呀( ♥д♥)",0
784,謝朵拉,2017年12月11日,5, 方便快速,"有無科技2017年12月11日Dear 朵拉，

方便快送就是我們的綽號呀(　ﾟ∀ﾟ) ﾉ♡
另外跟你說(*´з｀*)
幸福感動是我們的代名詞(╭￣3￣)╭♡",0
785,Ch Ch,2017年12月12日,5, 方便好用,"有無科技2017年12月18日Dear Ch，

能為你的人生帶來方便(ゝ∀･)b
能讓你覺得好用d(`･∀･)b
小編覺得值得(✪ω✪)
若有任何建議(`・ω・´)
請至用戶Line@頻道(ง๑ •̀_•́)ง
跟小編說說唷(*´∀`)~♥

用戶line@，請官方搜尋，有無快送",0
786,Google 使用者,2017年11月28日,5, 設計流暢，使用簡易方便，送餐也快速，美中不足的是有些餐點套餐沒有提供飲料可以選擇，或是補差額換飲品部分，該店卻有提供此服務，希望能更完善。,"有無科技2017年12月3日Darling,

什麼Σ(lliдﾟﾉ)ﾉ
怎麼可以有美中不足的地方Σ(ﾟдﾟ)
快到line@跟小編說說是哪間餐廳(☄◣ω◢)☄
小編將請菜單公主盡速安排(ง๑ •̀_•́)ง

line@，請搜尋官方帳號：有無快送",3
787,李小圭,2017年11月24日,5, 跟uber及熊貓比起來 服務費更便宜 而且操作流程方便 速度也很快 騎士態度也不錯 大滿意 加油,"有無科技2017年11月26日Dear 瑩暉,

收取合理價格(｡◕∀◕｡)
人性化操作ヽ(́◕◞౪◟◕‵)ﾉ
幸福感服務(ﾟ3ﾟ)～♪
這一切都是為了你ヽ(✿ﾟ▽ﾟ)ノ",4
788,賴以昕,2017年11月22日,5, 下午茶團體訂購用它很方便,"有無科技2017年11月26日Dear 以昕,

被你發現揪團密技(,,・ω・,,)
你好厲害٩(｡・ω・｡)﻿و
我們還有很多好用功能等你發現唷(*ˇωˇ*人)",5
789,aveda huang,2017年11月28日,5, 送餐快速，操作介面簡單易懂，店家選擇多樣化。熊貓輸了…,"有無科技2017年12月3日Dear aveda ,

送餐快速和介面操作簡易是最基本的服務(*´з｀*)
店家會越來越多樣(๑ơ ₃ ơ)♥
多到讓你不知如何選擇(´▽`ʃ♡ƪ)""",1
790,高啟娟,2017年12月2日,5, 動作速度都很快，但給個建議，服務人員可否有制服，這樣會更有品質,"有無科技2017年12月3日Dear 啟娟,

我們的騎士雖無每人著裝制服(ゝ∀･)b
但是都會配戴超漂亮的識別證唷(✪ω✪)
請問配送給你的騎士沒有戴嗎(＊゜ー゜)b
快到line@跟小編抓耙子(♛‿♛)

line@，請搜尋官方帳號：有無快送",0
791,王亞婷,2017年11月21日,4, 送貨速度能更快就完美了,"有無科技2017年11月26日Dear 亞婷，

收到(｡◕∀◕｡)
沒問題(◕ܫ◕)
小編會提議公司拿長鞭鞭策(✧≖‿ゝ≖)",0
792,Just life JL,2017年11月29日,5, 還蠻好使用的，客服人員、外送人員都很棒！,"有無科技2017年12月3日Dear 俐妏,

我們的棒棒都是因為你(*´∀`)~♥
一定要緊緊追隨我們唷( ♥д♥)",1
793,楊惟惟,2017年11月30日,5, 操作方便更多選擇服務快速,"有無科技2017年12月3日Dear 惟惟,

好多人都這樣說(♡˙︶˙♡)
有沒有別種誇獎(╭￣3￣)╭♡
快說來讓小編驕傲一下⁄(⁄ ⁄•⁄ω⁄•⁄ ⁄)⁄",0
794,Google 使用者,2017年11月21日,5, 方便快速，如果有更多素食店家，就完美~,"有無科技2017年11月26日Darling,

我們APP素食店家真得有比較少( ˘･з･)
你有比較喜歡私房推薦的嗎(✺ω✺)
快到Line@跟小編說說(☄◣ω◢)☄

Line@，請官方搜尋：有無快送",1
795,蔡明欽,2017年11月26日,1, 不知道如何進入，還要綁定什麼也不知道，乾脆就移除程式了，,"有無科技2017年11月27日Dear 明欽,

遇到什麼困境了嗎(´c_`)
快來line@跟小編說說(　◜◡‾)
讓我們一起解決它(ㆆᴗㆆ)
當你上手你會愛不釋手(‾◡◝　)

請搜尋，官方line@：有無快送",0
796,謝宜恬,2017年11月25日,5, 真的很方便在公司使用,"有無科技2017年11月26日Dear 宜恬,

你公司在哪兒呀(*ˇωˇ*人)
你用過揪團功能了嗎( • ̀ω•́ )
公司用揪團超超超超超超方便( ^ω^)
快點用用看(๑ơ ₃ ơ)♥
真心不騙(≧∀≦)ゞ",1
797,美琪,2017年11月23日,5, 送貨快速 程式簡單好用,"有無科技2017年11月26日Dear Kiwi,

我們的一切(๑¯∀¯๑)
只有你能掌控(´,,•ω•,,)♡
但我們進步也很神速Σ&gt;―(〃°ω°〃)♡→
要跟上我們的速度唷(๑¯∀¯๑)",1
798,王言綸,2017年11月26日,5, 第一次就上手的平台，非常好用。,"有無科技2017年11月27日Dear 言綸，

你好棒棒d(`･∀･)b
第一次就掌握了我們(ゝ∀･)b
我們進步超神速(ゝ∀･)⌒☆
要緊緊跟上我們的腳步唷(̿▀̿ ̿Ĺ̯̿̿▀̿ ̿)̄",1
799,黃靖錞,2017年12月7日,5, 使用介面設計流暢,"有無科技2017年12月11日Dear 靖錞，

除了科技面上的介面設計流暢(●´ω｀●)ゞ
你不覺得我們人類實體上的服務很優質嗎(*´з｀*)",0
800,T W,2017年11月28日,2, 無法發送驗證碼，無法使用,"有無科技2017年12月3日Dear Judy ,

可能是因為你有下載預防廣告的服務APP(´,,•ω•,,)♡
所以驗證碼會因此收不到唷╮(╯_╰)╭
請到line@通知小編ξ( ✿＞◡❛)
小編立即為您確認驗證碼喔ლ( • ̀ω•́ )っ

line@，請搜尋官方帳號：有無快送",0
801,Yao jen Chan,2017年11月28日,5, 方便 優惠多,"有無科技2017年12月3日Dear Yao jen Chan,

我們的方便是為了讓你幸福(*´∀`)~♥
我們的優惠是因為你值得ε٩(๑&gt; ₃ &lt;)۶з",0
802,孫小琪,2017年11月25日,5, 選擇比較多,"有無科技2017年11月26日Dear 小琪,

拼了命的讓選擇豐富(✪ω✪)
就是為了讓你不乏味(σ′▽‵)′▽‵)σ
所以不論有多少平台ヽ(✿ﾟ▽ﾟ)ノ
你只能選擇我們唷(灬ºωº灬)
勾勾手約定好囉(❛◡❛✿)",1
803,Push Lee,2017年11月24日,5, 很多店家，不錯,"有無科技2017年11月26日Dear Push ,
只有有無快送上架最多店家(ゝ∀･)⌒☆
就是為了滿足你的味蕾ξ( ✿＞◡❛)",1
804,Susan Yang,2017年11月25日,5, 簡單方便,"有無科技2017年11月26日Dear  Susan ,

小編也只喜歡簡單方便事物(o´罒`o)
我們一定很合拍(´///☁///`)",2
805,Claire Chin,2017年11月20日,5, 非常方便,"有無科技2017年11月20日Dear Claire Chin ,

只要你方便(ゝ∀･)
小編就心滿意足ξ( ✿＞◡❛)",1
806,青青,2017年11月24日,5, 快速方便,"有無科技2017年11月26日Dear 青青，

除了快送方便(ﾉ&gt;ω&lt;)ﾉ
有沒有覺得很幸福(^y^)
小編因為有你(ゝ∀･)
覺得幸福(*´∀`)~♥",1
807,Amy Lee,2017年11月26日,5, 好用,"有無科技2017年11月27日Dear Amy,

產品就是為了讓你覺得好用(ゝ∀･)
產品就是為了讓你覺得幸福(´▽`ʃ♡ƪ)""
只要你感動(*ﾟ∀ﾟ*)
我們就心滿意足σ(´∀｀*)",1
808,杜玲芳,2017年11月25日,5, 方便,"有無科技2017年11月26日Dear 玲芳,

方便是最基本的要件(σ′▽‵)′▽‵)σ
可以跟隨在你身邊才是重要ε٩(๑&gt; ₃ &lt;)۶з",0
809,Vivienne,2017年11月17日,5, 簡單方便又快速，真的非常滿意！除了希望再多些店家，也希望能增加🍝不需要餐具🍝的選項，用餐方便同時也能為環保盡微薄之力！,"有無科技2017年11月20日Dear Vivienne ,

能為你的人生帶來便利幸福(ゝ∀･)b
小編就無所求了(*´∀`)~♥
你好棒ε٩(๑&gt; ₃ &lt;)۶з
跟小編一樣愛環保愛地球(´▽`ʃ♡ƪ)""
會再建議團隊增加選項唷♥(´∀` )人
找時間和小編一起去淨灘吧(｡•ㅅ•｡)♡",1
810,yu pei Shih,2017年11月23日,5, 很有社區概念做法，非常棒，結合需要及所需者的需求，多選擇，服務好,"有無科技2017年11月26日Dear yu pei ,

知音呀知音d(`･∀･)b
知有無莫若Yu Pei ( ♥д♥)",1
811,企鵝,2017年11月26日,5, 超級方便,"有無科技2017年11月27日Dear 傑方,

我們真的是所有平台產品裡數一數二的方便好用(ﾟ3ﾟ)～♪
不是我自誇( ͡° ͜ʖ ͡°)
連你也這樣覺得(σ′▽‵)′▽‵)σ
要推薦給親朋好友唷(΄◞ิ౪◟ิ‵)",1
812,Google 使用者,2017年10月31日,5, 出餐通知跟騎士大約位置顯示對無電鈴族相當實用。,"有無科技2017年11月6日Darling,

就是要作到逃不出你法眼(≖ᴗ≖๑)
讓你無時無刻都可以掌握＼(●´ϖ`●)／
我們就是如此實用與貼心ᕦ(ò_óˇ)ᕤ",0
813,小緣溫,2017年11月5日,1, 很爛....很多店家都沒有外送還po 上去，爛死了,"有無科技2017年11月6日Dear 緣溫，
拜託千萬別誤會(*´艸`*) 
我們有分快送店家和美食探索ξ( ✿＞◡❛)
快送店家是指專有騎士配送服務=͟͟͞͞( •̀д•́) 
美食探索是提供免費電話功能訂餐訂位使用(σ′▽‵)′▽‵)σ 
若店家自己有外送服務，也可藉由該服務請店家配送給你唷ლ(・´ｪ`・ლ)
為了避免你使用介面跳來跳去很麻煩(´⊙ω⊙`)
美食探索店家點進去，若有看到快送點餐，代表有無有專門配送唷(´▽`ʃ♡ƪ)""",1
814,丁芷璇,2017年11月9日,5, 介面操作容易又清楚明了,"有無科技2017年11月13日Dear 芷璇,

科技始於人性(｡◕∀◕｡)
你就是我們清楚明瞭代言人ξ( ✿＞◡❛)",0
815,Woo Kenn,2017年11月1日,5, 簡潔好用選擇多,"有無科技2017年11月6日Dear  Woo Kenn,

想要給你的有好多(๑ơ ₃ ơ)♥
簡潔好用選擇多是其中(▰˘◡˘▰)
請慢慢品嚐挖掘(๑´ڡ`๑)
你會戀上有無快送的美好(〃∀〃)",0
816,陳佩伶,2017年10月31日,5, 真的很方便，又快速,"有無科技2017年11月6日Dear佩伶,

只要可以為你的人生增加方便快速的色彩(ゝ∀･)
有無快送願意當那畫筆&lt; (￣︶￣)&gt;
任你揮灑( *¯ ³¯*)♡ㄘゅ",1
817,Google 使用者,2017年11月4日,5, 真的很方便,"有無科技2017年11月6日Baby ,

快大聲說(✪ω✪)
有多好用(｡◕∀◕｡)
如何好用(♛‿♛)
怎樣好用✧◝(⁰▿⁰)◜✧",0
818,Evie Chen,2017年11月1日,5, 方便好用,"有無科技2017年11月6日Dear Evie Chen,

給最親愛的你使用(｡•ㅅ•｡)♡
當然要最方便又好用(っ´ω`c)
我們要在一起很久很久喔(ﾉ∀`*)",0
819,Lisa Wang,2017年10月26日,5, 訂餐便利很多選擇提早送餐,"有無科技2017年10月30日Dear Lisa,

許多親愛的用戶想要提早送達的心聲(*´∀`)~♥
小編和公司都聽到了(ゝ∀･)
趕快新增功能默默上線了ξ( ✿＞◡❛)
想不到你動作好快被你發現了(｡◕∀◕｡)",0
820,簡君陵,2017年10月31日,5, 外送超快我喜歡,"有無科技2017年11月6日Dear君陵,

你喜歡我就喜歡(●´ω｀●)ゞ
不可以不喜歡唷(♡˙︶˙♡)
小編會難過｡ﾟ(ﾟ´ω`ﾟ)ﾟ｡",0
821,鐘夢萍,2017年10月28日,5, 外送快速又方便,"有無科技2017年10月30日Dear 夢萍，

只要你感到快速方便(灬ºωº灬)
小編就心滿意足(❛◡❛✿)
若有任何問題(◕ܫ◕)
請洽有無line@，請搜尋:有無快送",0
822,馨文張,2017年10月24日,5, 騎士態度好，有效率,"有無科技2017年10月30日Dear 馨文，

服務態度和效率是基本的。゜+.(人-ω◕)゜+.゜
顏值是附加的(ゝ∀･)⌒☆",1
823,陳美安,2017年10月25日,5, 很好，辛苦了。,"有無科技2017年10月30日Dear 美安，

只要可以為您服務(^u^)
一點都不辛苦唷(ﾉ&gt;ω&lt;)ﾉ",0
824,Ryan Tsao,2017年10月10日,2, 外送人員有禮貌、客氣。 但是某些店家下了訂單，為何就直接退訂？ 甚至有時候，點的餐點有缺料，也就自行做主替換別的，難道這些都不用通知一下？ 差勁到極點，感覺很糟糕,有無科技2017年10月16日Dear  Ryan Tsao，在此先感謝您的喜愛，您所提及的某些店家可否告訴小編，因您所提及的問題很嚴重，小編必須請相關人員與店家進行溝通輔導，再麻煩您用line敲敲小編了m(_ _;)m 很抱歉造成您的不愉快,3
825,胡慶德,2017年10月16日,4, 現在改版，改的不好，很難訂  現在的板面全部都擠在一起很亂，之前都會分類別，要想吃便當就進入便當區點，想吃消夜就進消夜去點，不用像現在要拉很長找的很辛苦，很不方便,有無科技2017年10月16日Dear 胡慶德，請您一定要告訴小編您覺得哪裡改的不好༼ಢ_ಢ༽小編一定跟相關人員反應，我們以越改越好為目標(¯―¯٥),2
826,M L,2017年10月8日,4, 訂餐流程簡單方便，送餐人員準時有禮，餐點外盒或包裝都能保持完整清潔，合作店家若能更多些更佳,有無科技2017年10月16日Dear M L，在此先感謝您的喜愛與讚美，您的肯定對我們是莫大的支持(^o^)，您的建議我也會請相關人員進快處理與改善，合作的店家我們也會努力努力再努力的與店家洽談◕‿◕感謝您~~~~,2
827,lacha liu,2017年10月4日,5, 送的準  服務好  介面簡單清楚    操作方便   重點是有滿百免運,有無科技2017年10月16日Dear lacha liu，重點抓得好阿~~很開心能得到您的青睞 (•ө•)♡小編在此感謝您的支持與肯定喔♪♫*•♪,3
828,呂曉琳,2017年10月27日,5, 非常方便好用的外送App 讓我們桃園人也能享受不出門就能吃到美食！！ 騎士態度超好～餐點超讚！！,"有無科技2017年10月30日Dear 曉琳，

你愛我們家的APP與服務，好棒棒☝( ◠‿◠ )☝
快快跟您的親朋好友分享(´≖◞౪◟≖)
讓大家可以不出門享美食ლ(╹◡╹ლ)
順便看看有無高顏值騎士(✪ω✪)",0
829,YU wang,2017年10月20日,2, 我訂很多次幾乎都遲到，有一次遲到一小時 麵都爛掉,"有無科技2017年10月23日dear YU wang，我的老天爺呀!大家很滿意的跟小編說有無快送超棒，小編還喜孜孜的志得意滿耶
怎麼會讓你遇到這種扯事，這才不是有無的服務，小編一定會跟公司反應，請公司一定要了解到底是哪個環節出問題，務必解決配送品質，在此，小編深深一鞠躬，請接受小編滿滿的歉意。

若訂單有任何問題，請加入我們粉絲line@，提供單號及狀況，小編相信我們客服會立即為您處理喔。
line@，請搜尋:有無快送",1
830,Pei Fang,2017年10月18日,5, 今天聽廣播介紹有這個不錯介紹美食和免費電話訂餐～馬上訂餐通話很清楚！馬上Line分享親友～,有無科技2017年10月23日Dear Pei Fang，很開心您這麼喜愛我們的app並願意分享給親友們一起使用，小編開心到灑花了٩(♡ε♡ )۶,0
831,Google 使用者,2017年10月14日,5, 外送人員服務好。滿額免運店家CP高。希望以後合作商家能越來越多！,有無科技2017年10月16日Dear Joy Yeh，很開心能得到您的青睞 (•ө•)♡感謝您的支持與肯定喔ヽ(^o^)丿我們會努力與店家洽談的，也歡迎您跟我們推薦您喜愛的店家喔(๑˃̵ᴗ˂̵)ﻭ,0
832,Lorsha Chen,2017年10月14日,5, 外送人員有禮貌，希望以後能再多一點餐館加入外送免運的活動就太棒了！,有無科技2017年10月16日Dear Lorsha Chen ，在此先感謝您的喜愛與讚美，您的肯定對我們是莫大的支持(^o^)，，合作的店家我們也會努力努力再努力的與店家洽談喔◕‿◕,0
833,羅皓元,2017年10月9日,1, 被他的主管詐騙說 回饋會送免運卷 結果也沒送啊,有無科技2017年10月16日Dear 羅皓元，這其中一定有什麼誤會(｡ŏ﹏ŏ)，我們現在回饋是可以參加抽300元折價券的活動耶，您可以開啟app到【訊息】查看活動內容，或是到我們fb粉絲團也有相關的活動資訊喔,0
834,陳柒,2017年10月15日,5, 外送人員服務態度有禮貌，訂餐外送方便使用,有無科技2017年10月16日Dear陳柒，很開心您喜歡我們騎士的服務態度，他們一定會很開心您對他們的肯定(/◕ヮ◕)/,3
835,Melody Weng,2017年10月11日,5, 對產後不方便出門的媽媽來說是一大福音^_^,有無科技2017年10月16日Dear Melody Weng，能為辛苦的媽媽們造福真的是我們有無的福氣(๑˃̵ᴗ˂̵)ﻭ真的感謝您的喜愛喔~,1
836,林倢伃,2017年10月2日,5, 訂餐方便，騎士都很客氣，介面清楚，越來越多店家了，好用!,有無科技2017年10月2日Dear倢伃，謝謝您的讚美，小編立馬將您的讚美貼給騎士與工程人員，讓他們開心一下~(๑´ڡ`๑),2
837,PONE ZOE,2017年10月8日,5, 人親切 準時 食物好吃,有無科技2017年10月16日Dear PONE ZOE，謝謝您的讚美，小編立馬將您的讚美貼給騎士，讓他們開心一下~(๑´ڡ`๑),0
838,Google 使用者,2017年10月10日,4, 希望再多增加一些店家,有無科技2017年10月16日合作的店家我們會努力努力再努力的與店家洽談◕‿◕也歡迎您推薦店家給我們喔~,0
839,張心怡,2017年10月15日,5, 外送服務員都很親切，服務好又快速，推薦,有無科技2017年10月16日Dear張心怡，很開心您喜歡我們騎士的服務態度，他們一定會很開心您對他們的肯定ヽ(^o^)丿,0
840,陳依柔,2017年10月16日,5, 獨居在家工作不能沒有它！,,0
841,張貴德,2017年10月24日,5, 非常方便的送餐軟體,"有無科技2017年10月30日Dear 貴德，

太棒了ξ( ✿＞◡❛)
軟體深得你心(ゝ∀･)
服務得你歡心(ゝ∀･)b",0
842,張雪貞,2017年10月15日,5, 方便且快速價錢優,有無科技2017年10月16日Dear 張雪貞，很開心能得到您的支持與肯定(*^_^*),0
843,陳俐利,2017年10月15日,5, 方便易操作，且合作店家很多,有無科技2017年10月16日Dear Joy Yeh，很開心能得到您的青睞 ヽ(^o^)丿，您的支持對我們是莫大的肯定,0
844,謝小谷,2017年10月14日,5, 訂了幾次服務都很好~而且風雨無阻,有無科技2017年10月16日Dear 謝小谷，很開心能得到您的青睞 (•ө•)♡小編會告訴辛苦且風雨無阻的騎士們，讓他們開心一下(/◕ヮ◕)/,0
845,曾永政,2017年10月24日,5, 服務品質很棒！,"有無科技2017年10月30日Dear 永政，

WoW｡:.ﾟヽ(*´∀`)ﾉﾟ.:｡
快大聲說說看有多棒σ`∀´)σ",0
846,Hunter Ryan,2017年10月15日,5, 目前尚無碰到問題,有無科技2017年10月16日dear Hunter Ryan，如有遇到任何問題歡迎您告訴我們喔~,0
847,楊小八,2017年10月10日,5, 不錯用的好東西,有無科技2017年10月16日Dear 楊小八，很開心能得到您的青睞٩(♡ε♡ )۶,0
848,shiauchi shiu,2017年10月8日,5, 問題有改善，服務態度很好,有無科技2017年10月16日Dear shiauchi shiu，感謝您願意再給我們改善的機會，也感謝您的支持與肯定喔ヽ(^o^)丿,3
849,劉星辰,2017年10月14日,5, 很讚的app,有無科技2017年10月16日Dear 劉星辰，感謝您的支持喔~~~(๑˃̵ᴗ˂̵)ﻭ,0
850,金燦秋,2017年10月19日,5, 很方便的app,有無科技2017年10月23日Dear 金燦秋，感謝您的支持喔~~~(๑˃̵ᴗ˂̵)ﻭ,0
851,Sharon吳,2017年10月8日,5, 方便、服務好,有無科技2017年10月16日Dear 吳 Sharon，很開心能得到您的青睞 (•ө•)♡感謝您的支持與肯定喔ヽ(^o^)丿,0
852,陳怡伶,2017年10月15日,5, 方便，有禮貌,有無科技2017年10月16日Dear 陳怡伶，感謝您的支持喔~~~(๑˃̵ᴗ˂̵)ﻭ,0
853,楊宜樺,2017年10月9日,5, 方便，免運,有無科技2017年10月16日Dear 楊宜樺，感謝您的支持喔~~~(๑˃̵ᴗ˂̵)ﻭ,0
854,Eva WU,2017年10月18日,4, 很快速，又方便!謝謝～,有無科技2017年10月23日Dear Eva WU，很開心能得到您的青睞 (•ө•)♡感謝您的支持與肯定喔♪♫*•♪,0
855,Yueh-Ping Yang,2017年10月5日,5, 方便實用,有無科技2017年10月16日Dear Yueh-Ping Yang，小編在此感謝您的支持與肯定喔♪♫*•♪,0
856,聯合實況小兔,2017年10月7日,5, 服務好,有無科技2017年10月16日Dear 聯合實況小兔，很開心能得到您的青睞٩(♡ε♡ )۶,0
857,小融,2017年10月7日,5, 非常方便,有無科技2017年10月16日Dear 曾小融，感謝您的支持喔~~~(๑˃̵ᴗ˂̵)ﻭ,0
858,Google 使用者,2017年10月15日,4, 很方便,有無科技2017年10月16日Dear ，很開心能得到您的青睞٩(♡ε♡ )۶,0
859,fiona chen,2017年10月14日,5, 方便 實用,有無科技2017年10月16日Dear fiona chen ，很開心能得到您的青睞٩(♡ε♡ )۶,0
860,Yuting Huang,2017年10月3日,5, 方便好用,有無科技2017年10月16日Dear Yuting Huang，很開心能得到您的青睞 (•ө•)♡感謝您的支持與肯定喔♪♫*•♪,0
861,Kevin Yang,2017年10月8日,5, 優惠👍,有無科技2017年10月16日Dear Kevin Yang，小編也很喜歡我們的優惠ლ(´ڡ`ლ)ლ(´ڡ`ლ)ლ(´ڡ`ლ),0
862,Roy Lee,2017年10月17日,5, 很喜歡這個app，永和滿百免運真的超實用！ 另外我想建議就是點菜的時候除了原本就有的餐點備註以外，希望可多個讓我們自己更改金額的功能(最低當然是原價，往上增加用而已)。 比如我今天吃叉燒飯85元我想要多花個10～30元肉加量，雖然我想在備註說明但是app點餐沒有這個功能可以讓我更改金額成為95～115元，有點可惜。畢竟這去餐廳點餐是可以的，但app沒這功能無法，我用過Ubereats跟Honestbee一樣沒有這種功能，知道你們都會回覆所以希望可以做到這件事情。 如果店家看到最後金額跟使用者要求不符的話也可以馬上取消退單，我覺得是蠻可以嘗試的功能新增。,有無科技2017年10月23日Dear Roy Lee，感謝您這麼喜歡我們家的app，關於您提及的功能建議，我將會轉給相關人員，請他們進行評估喔(๑˃̵ᴗ˂̵)ﻭ，因為是關於金額的部分，所以我們會用謹慎的態度去面對他的~ 感謝您的建議喔(/◕ヮ◕)/,0
863,sun lu,2017年10月12日,5, 準時,有無科技2017年10月16日Dear sun lu，準時是我們必須做到的阿(*^_^*)，感謝您的肯定喔~,0
864,顏蘭驊,2017年10月14日,5, Good,有無科技2017年10月16日dear 顏蘭驊，感謝您的喜愛ლ(´ڡ`ლ)ლ(´ڡ`ლ)ლ(´ڡ`ლ,0
865,R ich,2017年9月30日,4, 雖然送錯餐覺得很誇張.跟店家取件的時候不是應該核對一下？！ 不過在馬上跟客服反應後.態度非常積極.馬上聯繫店家跟騎士.在最短的時間把正確的餐點送來. 這個態度值得肯定.希望你們繼續加油👍👍👍,有無科技2017年10月2日Dea Rich，送錯餐點我們很抱歉，針對這一點我們會在進行內部的溝通與檢討，也感謝您肯定我們的服務態度喔◕‿◕,2
866,Kite Lin,2017年9月20日,5, 和Line客服連絡後，當天就將退款送到，後續服務很好，謝謝！  －－－－－－－－－ 第一次使用店家就作錯餐點，說要退該份餐點費用（送過來）結果都到隔天了被放鳥，很差的體驗！,"有無科技2017年9月25日Dear Kite，

本來就該還您款項(`・ω・´)
謝謝您願意給予還款的機會(╯✧∇✧)╯
若有任何問題，請敲敲Line@客服，將會盡速為您服務唷(੭ु´ ᐜ `)੭ु⁾⁾",4
867,Google 使用者,2017年8月29日,5, 流程簡單迅速，有各種優惠，好用到都不想走出去吃飯了！ ps.loading動畫滿漂亮的,"有無科技2017年9月4日Darling,

Come on，當然要簡單迅速好操作呀，科技始於人性嘛(΄◞ิ౪◟ิ‵)
你也覺得動畫很漂釀，小編也這樣覺得(✪ω✪)
偷偷說我們家UI設計師帥帥der

在我們FB粉絲團就可以偷窺他囉，趕快來粉絲團猜猜是哪位(≖＿≖)✧

FB粉絲團→https://www.facebook.com/comtoyowoo",6
868,周宏儒,2017年8月29日,5, 可以訂的店家超多,"有無科技2017年9月4日Dear 宏儒，

我們平台的店家真的超級多的耶( ￣ 3￣)y▂ξ
若有你必吃的店家，我們還沒follow到，求求你快點跟小編說，讓小編偷偷收藏一下♥(´∀` )人

粉絲專用頻道→Line@，請搜尋：有無快送",7
869,米兒Chen,2017年8月31日,5, 操作簡單~運送非常快速，我很喜歡❤,"有無科技2017年9月4日Dear 米兒，

σ`∀´)σ It's wonderful!
操作真的很簡便，偷偷說我們揪團功能更人性化了，快快試玩看看唷♥

若有任何建議，請不吝提出唷。
粉絲專用頻道→Line@，請搜尋：有無快送",3
870,黃幸慧,2017年9月10日,5, 有無外送可以增加三重地區和蘆洲地區嗎？,"有無科技2017年9月11日Dear 幸慧，

我們9/15就會到永和囉♥(´∀` )人
怎麼可能擴展永和卻沒有三重蘆洲的道理(｡◕∀◕｡)
相信三重蘆洲地區一定是指日可待(✪ω✪)

到時候一定要鋪紅地毯，隆重歡迎有無快送進場三重蘆洲喔ξ( ✿＞◡❛)",1
871,葉力瑄,2017年9月29日,4, 建議新增今日是否應營業的篩選,有無科技2017年10月2日Dear 葉力瑄，感謝您的建議喔~~ 目前無營業的店家我們會將他的排序往後，而您的建議小編會並告知給相關人員喔～～,1
872,黃信絃,2017年11月6日,1," 等很久,新莊泰山總是不在外送範圍内,失望","有無科技2017年11月6日Dear 信絃，

新莊輔大地區已經開始配送了ε٩(๑&gt; ₃ &lt;)۶з
你那不在範圍內嗎(✺ω✺)
快到line@私訊小編你地址，小編為你測試看看(✧≖‿ゝ≖)
我們有美食探索功能可以免費打電話訂餐訂餐( ～'ω')～
沒有限制區域唷( ◕‿‿◕ )
快點玩看看ᕕ ( ᐛ ) ᕗ

line@請搜尋，有無快送",0
873,黑澤栞,2017年10月10日,5, 超級好用!!!,有無科技2017年10月16日Dear 詩織黑澤，很開心能得到您的青睞 (•ө•)♡感謝您的支持與肯定喔ヽ(^o^)丿,0
874,王小茹,2017年10月12日,5, 非常好用,有無科技2017年10月16日Dear Kevin Yang，感謝您的喜愛ლ(´ڡ`ლ)ლ(´ڡ`ლ)ლ(´ڡ`ლ),0
875,Angela,2017年9月18日,1, 高雄沒,"有無科技2017年9月25日Dear Angela ,

怎麼可能錯過高雄(✪ω✪)
小編每個月都會去逛高雄耶( ^ω^)
偷偷跟你說，就快囉，公司已經在規劃中σ`∀´)σ
快鋪紅地毯歡迎有無快送進場呀｡:.ﾟヽ(*´∀`)ﾉﾟ.:｡

鎖定最新消息，請追蹤有無快送FB，https://www.facebook.com/comtoyowoo/",0
876,Hihi Yu,2017年8月25日,4, 我想說終於有辦法能解決帶小孩不方便出去買東西的方法 結果...沒有服務我住的地區😂😂,"有無科技2017年8月28日Σ(ﾟдﾟ)
怎麼可以沒有幫偉大的媽媽服務，來來來，快跟小編說您住哪兒，
小編立即告知公司，請公司盡速規劃服務!

請搜尋line@，有無快送，加入粉絲專屬頻道，跟小編說說，小編等你唷♥(´∀` )人",2
877,傳偉曾,2017年8月20日,3, 之前訂購餐點包裝袋裡有蟑螂，不確定是店家還是騎士放在不乾淨的地方爬進去的,"有無科技2017年8月21日哈囉 親愛的傳偉您好，

OMG(((ﾟДﾟ;)))竟然讓您收到髒東西，小編超級害怕蟑螂，若讓小編收到一定會超怒(-`ェ´-╬)
這邊跟您說明，騎士至餐廳取餐後將會立即直奔用戶配送指定地點，不會再拎著食物到處跑，所以比較不會有機會放在不乾淨的地方，請您相信小編!

可否請您加入我們的粉絲Line@，讓我們會此可怕經驗為您收收驚!
也讓我們知道是哪間餐廳的食物，好讓我們跟店家溝通衛生一事。

若餐點有任何問題，請於粉絲Line@提供照片，立即與我們聯繫，我們將立即為您處理唷!
Line@，請搜尋:有無快送。",0
878,郭漢楀,2017年8月20日,1, 又不是每個地方都可以外送，我家就沒有啊！,"有無科技2017年8月21日哈囉 親愛的漢楀 您好，

請問您住哪裡呀?偷偷告訴小編，小編來問問為何還沒開始服務您居住的地方，怎麼可以這樣呢?!
我們的目標是要服務全台灣，目前都在規劃中唷!
偷偷跟您八卦一下，據小道消息，今年八月底會開啟中永和地區服務唷!",1
879,Addie Huang,2017年8月18日,1, 我用我個人的帳號幫公司同事們訂餐，8月17日凌晨我把訂單送出並有備註盡量中午12點以前將餐點送到目的地，10點34分打電話跟我說店家中午12點零五分才會出餐，我有確認是否會直接送來我公司還是會再去送別的地方，你們跟我承諾會直接送來，我想遲到就算了，外送很辛苦，我們還可以等，我也同意你們的遲到。中午12點17分我一直等不到餐點，正要回撥的時候你們打來說，店家漏掉我的單，現在做，還要再等半個小時，問我要不要取消 還是要繼續等半個小時，我聽了真的覺得你們很扯，遲到我可以體諒，明明有打電話跟我確認出餐時間，搞到最後我的單被漏了，少少的200百300百就算了，我1040元的訂單，我同事們餓肚子都在等你們…完整評論我用我個人的帳號幫公司同事們訂餐，8月17日凌晨我把訂單送出並有備註盡量中午12點以前將餐點送到目的地，10點34分打電話跟我說店家中午12點零五分才會出餐，我有確認是否會直接送來我公司還是會再去送別的地方，你們跟我承諾會直接送來，我想遲到就算了，外送很辛苦，我們還可以等，我也同意你們的遲到。中午12點17分我一直等不到餐點，正要回撥的時候你們打來說，店家漏掉我的單，現在做，還要再等半個小時，問我要不要取消 還是要繼續等半個小時，我聽了真的覺得你們很扯，遲到我可以體諒，明明有打電話跟我確認出餐時間，搞到最後我的單被漏了，少少的200百300百就算了，我1040元的訂單，我同事們餓肚子都在等你們送餐點，這已經不是取消就好這麼簡單，你們讓我對我的同事很抱歉，我們都對你們整個流程感到很生氣，如果你們辦不到的單，拜託不要接，也請早點告訴我 你們辦不到，而不是到了最後才告訴我：要取消這個單。這整件事情，我不管是誰出了錯，希望你們針對此事件能夠大大的檢討一下，這樣的事情不要再發生別人的身上。,"有無科技2017年8月21日Dear Addie，
真得非常抱歉，提供這種讓人吐血的服務給您，小編真的也為您氣到冒煙(`д´)
小編可以理解並且體會您的心情，幫同事們一同訂餐，滿心期待午餐送到指定地址，卻因任何因素被取消的感受，真得讓人非常生氣ヽ(#`Д´)ﾉ
經小編查詢您訂單，確認狀況，有無10:35致電與店家下訂餐點，因您的餐點數量比較多，店家需要至12:05才能完成餐點，待騎士至店家要取餐，發現店家漏掉您的餐了。
對於該案，我們感到非常的震驚，也對您非常的抱歉，無論是店家或是騎士責任，有無絕對會負起應負的責任，對於客服也會再給予教育，真得非常抱歉，公司已請專人與您聯繫，提供彌補優惠方式，希望可以得到您的諒解。

另外，若有任何訂單上的問題，麻煩請至粉絲line@，將立即為您處理唷!
Line@，請搜尋有無快送。",2
880,Kai Wu,2017年8月16日,3, 希望外送人員能加強素養,"有無科技2017年8月21日Dear Kai，

請問怎麼了嗎?哪個外送騎士讓您不愉悅，快跟小編說，小編馬上去當抓耙子，最討厭感受不好的服務了!
快快加入line@，偷偷告訴小編，提供小編您的訂單編號，小編立即為您出口氣!

Line@，請搜尋有無快送",0
881,christine H,2017年8月23日,3, 新店安坑沒送,"有無科技2017年8月28日(☉д⊙)(☉д⊙)(☉д⊙)
小編好開心，有安坑的用戶來點名耶!
小編立即轉知公司，請公司規劃安坑服務計畫。
敬請 期待唷!",0
882,潘美,2017年9月5日,5, 很棒 很方便,"有無科技2017年9月11日Dear 美，

小編內心好澎湃，得到您滿滿五顆星的讚美｡:.ﾟヽ(*´∀`)ﾉﾟ.:｡

YA!YA!YAヾ(●゜▽゜●)♡你也覺得棒棒很方便，記得跟好朋友說說這美好的APP唷♥",1
883,mama Chang,2017年8月16日,1, 很難用,"有無科技2017年8月21日Dear MaMa,

您覺得很難用，小編好難過，請問是APP的操作還是配送的服務，讓您覺得不好用呢?
拜託您，加入line@，偷偷告訴小編，小編會用大聲公跟公司說，某某愛護者表示很難用!
小編絕對不會出賣你的，相信我，打勾勾!!

Line@，請搜尋有無快送",1
884,周士翔,2017年8月14日,5, 真心覺得你們比foodpanxx還好用，加油！,"有無科技2017年8月21日親愛的士翔 您好，

好港動，您讓小編一把鼻涕一把眼淚｡ﾟ(ﾟ´ω`ﾟ)ﾟ｡
沒日沒夜的衝衝衝，終於獲得您的認同(ﾉ&gt;ω&lt;)ﾉ

若有任何需要改進的地方，敬請不吝提出唷!
謝謝您",1
885,Ray Shiu,2017年8月15日,1, 土城板橋都沒送？,"有無科技2017年8月21日Dear Ray，

(╥﹏╥)(╥﹏╥)(╥﹏╥)(╥﹏╥)(╥﹏╥)
小編也很難過，板橋土城尚未開放服務!
會天天去問公司，什麼時候才會全面服務親愛的親北市地區!

根據小編的咬耳朵消息，預計八月底會先開啟中永和服務唷，新北市其他地區也密切規劃中囉!
敬請期待唷!",1
886,Pan Hsieh,2017年8月6日,1, 為什麼有桃園區可是卻說無提供外送服務呢,"有無科技2017年8月7日哈囉 親愛的Pan Hsieh 您好， 
桃園的部分目前只服務到大有地區，不知道您所在的區域是在桃園的哪裡呢? 如有問題歡迎使用line或fb與我們連繫，我們目前已在計畫進行拓展中，期待能盡快服務到您喔~",0
887,Shiwei Lin,2017年8月10日,5, 現在外送免運改200了喔 200真的有點難湊足,"有無科技2017年8月14日哈囉 親愛的Shiwei Lin您好，

為了讓大家有更多餐廳可以選擇，您在APP上看到的店家，很多都還是非簽約店家，
為了讓騎士有薪資養家，公司不得不做如此痛苦的決定，不然騎士會沒有薪資，連小編也都還是吃茶葉蛋過活( ´•̥̥̥ω•̥̥̥` )

您都下訂哪家店家?小編每次看到新上架的餐廳菜單，看到想吃的，加起來都超過200元耶(請原諒小編是偷吃豬)
若您一人很難超過200元，可以揪揪好友一起下單，我們有揪團功能，超級無敵便利的耶，這是小編最愛的功能唷!

若有任何問題，請於line@和小編說說，小編立即為您解決煩惱喔!
line@，請搜尋:有無快送。",0
888,鄭可欣,2017年8月14日,3, 請問中和沒外送嗎,"有無科技2017年8月14日哈囉 親愛的可欣您好，

萬眾矚目的中和，預計將於今年8月底前開啟服務唷，小編好期待可以盡速為您服務，若您有推薦口袋名單，請不吝推薦唷，偷偷跟您說加上我們line@，有推薦店家許願服務唷。

line@，請搜尋:有無快送。",0
889,Google 使用者,2017年7月19日,5, 覺得超方便，拜託快來新北市吧！,"有無科技2017年7月24日哈囉 您好，
小編也想快快到新北市為您服務，剛剛在茶水間偷偷打聽，好像塊前進新北市了，請問您住新北市哪兒呢?",3
890,張詩敏,2017年7月24日,1, 標榜不用出門，結果自家周圍都無法定位，說沒有外送到此處，令人無言。,有無科技2017年7月24日您好:目前有無快送開放服務的區域為：台北市萬華、中正、信義、大安、中山、中正、松山七個行政區、天母地帶及桃園市桃園區，不知道您的所在區域是哪裡呢?如有任何問題，歡迎撥打我們的客服電話喔~：02-89787707,0
891,Reb Ms.,2017年7月24日,3, 地址沒法改，幾樓無法加文字,"有無科技2017年7月24日哈囉 親愛的用戶您好，
非常感謝您喜愛我們的APP及服務。如下提供您解決問題的方法
如何變更地址：
(1)點選店家列表上方的長橢圓形的地方
(2)輸入您的新地址

您說的幾樓無法加文字的問題，不清楚您指的意思是什麼，麻煩您播打我們的客服電話：02-89787707與我們聯繫，讓我們能更詳細了解您的問題

若有任何問題，請再不吝提出唷，謝謝您!",0
892,NAIYAO LEE,2017年7月31日,5, App更新後相當不錯，有進步…,有無科技2017年7月31日您好:感謝您的肯定喔，我們公司的所有同仁都非常開心能得到您的認同,0
893,劉金維,2017年7月24日,5, 支持,"有無科技2017年7月27日哈囉 親愛的金維 您好，
非常感謝您的支持，APP功能有許多，請問您最喜歡哪種功能呢?",0
894,Sophii Tung,2017年7月7日,1, 外送的時間太長，提早預約訂餐也不會比較早送到，11：00預定不是1：00到也是兩點才到，常常訂了以後，客服小姐打電話來說店家電話打不通，要我取消或改訂，晚餐只要一改訂，根本就超出服務時間，那一餐就甭吃了，完全沒有任何賠償機制,有無科技2017年6月26日您好:很抱歉造成您的困擾，關於您所提及的部份我們會加強改善，並提升我們的服務品質，如日後有相關問題也歡迎您與我們聯繫02-8978-7707，在此再次對您深感抱歉。,4
895,林洋旭,2017年7月11日,4, 滿額免運費超佛心，店家多樣化也讓使用者有更多選擇，可以新增常用店家或最愛店家功能就再好不過了。。。客服人員跟外送人員都很客氣,"有無科技2017年7月17日哈囉 親愛的用戶您好，
非常感謝您喜愛我們的APP及服務。現在最新版的APP可以新增喜愛店家唷。
如何收藏喜愛店家：
(1)點選店家右上角的愛心
(2)回上一層至挑選店家頁面
(3)左上角的愛心點選進去就可以看到囉!

若有任何問題，請再不吝提出唷，謝謝您!",0
896,約希,2017年7月9日,5, 這正是我想要的APP😍 推薦的店家也很快速上架 選擇也很多樣化 👍,有無科技2017年3月20日非常感謝您的支持與肯定!,1
897,果凍,2017年6月24日,1, 家裡附近完全沒有提供外送，乾脆自己出門買就好了啊。爛應用,"有無科技2017年6月26日您好:
感謝您的回饋，我們會盡快進行拓展作業",5
898,賴又又,2017年7月1日,1, 我家附近明明就有很多商家，為什麼都不能提供外送,有無科技2017年7月3日您好:目前有無快送開放服務的區域為：台北市萬華、中正、信義、大安、中山、中正、松山七個行政區、天母地帶及桃園市桃園區，不知道您的所在區域是哪裡呢?如有任何問題，歡迎撥打我們的客服電話喔~：02-89787707,0
899,Ann Chen,2017年7月9日,1, 運費跟滿額免運費漲幅也太高 前幾週幾乎一天訂3次 最近就發現常叫的店家不是滿額變200 300 就是直接收運費50 60  然後常常前一天半夜訂a店11:30要到 b店的東西訂12:20到 就會變成2個都13點才到 直接撥打騎士也是說快到了態度也不是很好(當然也是有態度好的騎士 打客服也常常打不進去   你們跟商家合作應該也有抽佣金吧 這樣高運費 只會讓人家不想訂 都主打一份也送了 運費都一份餐點的一半了 然後優惠的時段折50 折100 也都是在大部分的店家都休息中才在做 要辦活動要不要大氣一點 本來很愛用 現在打開也用不到了,有無科技2017年7月11日您好:您所反應的問題我們將會給告知相關人員，非常感謝您的回饋。關於遲到與服務態度的問題，我們會與調度中心及騎士進行深度溝通及運送方式的改進。,1
900,Teng Yao Tsai,2017年7月3日,1, 台北以外的縣市不能用,,1
901,黃鈺娟,2017年7月8日,5, 訂餐預定的時間，總是提早送到，真棒！,有無科技2017年7月10日非常感謝您的支持與肯定,0
902,Daisy黛絲,2017年6月16日,1, 可外送時間太短，外送時長太長，早就餓死,有無科技2017年6月19日您好:因最近氣候不佳，所以需要較長的送件時間，造成您的困擾我們深感抱歉。,0
903,Ricky Feng,2017年6月18日,1, 開開心心點完餐，輸入地址才告訴我這裡不能送，白高興一場......,有無科技2017年6月26日您好:很抱歉造成您的困擾，會建議您在一開始就輸入您的收件地址，以免您選擇的餐廳無法送到您指定的地點喔,1
904,張立忠,2017年9月15日,5, 新店地區什麼時候才會開放？非常期待……,"有無科技2017年9月18日Dear張立忠,

小編立馬轉告給公司，請公司快快擴展到新店ლ(╹◡╹ლ)
記得到時要推薦新店必吃美食給小編唷╮(╯∀╰)╭",0
905,Steve Liu,2017年6月13日,5, 定位準確，如果訂餐的店家有狀況還會有客服來電通知。有次標注味精過敏，甚至主動詢問店家後來電，告知店家的味精使用狀況。這麼好的台灣APP怎能不推呢，大推！,有無科技2017年6月19日非常感謝您的支持與肯定，我們會持續努力!,2
906,Liju Wang,2017年6月23日,1, 從6月開始外送越來越晚到11點前訂快13點才到上班族時間是固定的，以前因為方便又準時覺得不錯，如果不準時就不會想訂了。,有無科技2017年6月26日您好:感謝您的回饋，關於遲到的部份我們會加強改善，並提升我們的服務品質，如日後有相關問題也歡迎您與我們聯繫02-8978-7707，在此再次對您深感抱歉。,0
907,Emma Liu,2017年6月14日,2, 已遇過漏單，以及今天遲到一小時，打客服都在忙線中，不確定是店家還是app的問題實在有點無奈...希望可以加入送貨員路線追蹤，不然實在不知道要等待多久，謝謝,有無科技2017年6月19日您好:感謝您的回饋，關於遲到的部份我們會加強改善，並提升我們的服務品質，您的建議我們也會告知相關人員，感謝您。,0
908,董乃文,2017年6月14日,2, 預計送達時間差了半小時至一個小時，11點多訂，12點左右製作，預計送達12:51我到現在1:35分還沒收到……,有無科技2017年6月19日您好:很抱歉造成您的困擾，關於遲到的部份我們會加強改善，並提升我們的服務品質，如日後有相關問題也歡迎您與我們聯繫02-8978-7707，在此再次對您深感抱歉。,0
909,林聖峯,2017年6月11日,3, 系統服務時間即將結束時，會與店家營業時間產生衝突(以及尖峰時刻準備時間)，請看看如何調整，謝謝。,有無科技2017年6月12日您好:，造成您的困擾我們深感抱歉，我們會再進行內部溝通並加強改善您所提及的問題，如日後有任何問題，也歡迎您撥打我們的客服電話02-89787707 分機761，與我們反應，感謝您的回饋,0
910,陳欣慧,2017年6月12日,4, 不錯用，一份也可以送。希望早日可以在新北板橋使用,有無科技2017年6月12日非常感謝您的肯定，我們會持續努力!並會盡快拓展到新北板橋。,0
911,Google 使用者,2017年6月10日,1, 不能送是怎樣啊,有無科技2017年6月12日您好:，造成您的困擾我們深感抱歉，如有任何問題，也歡迎您撥打我們的客服電話02-89787707 分機761，與我們反應，感謝您的回饋,0
912,蘇楚榛,2017年6月7日,5, 外送員態度超…………超好而且外送速度很快,有無科技2017年6月12日非常感謝您的肯定，我們會持續努力!,0
913,吳佑佑,2017年6月2日,1, 現在體驗都很差 店家沒辦法出餐盡然要半小時後才通知，最近委託無法完成的機率太高，也確實造成消費者很大的困擾。,有無科技2017年6月5日您好:，造成您的困擾我們深感抱歉，我們會再進行內部溝通並加強改善您所提及的問題，如日後有任何問題，也歡迎您撥打我們的客服電話02-89787707 分機761，與我們反應，感謝您的回饋,0
914,Chien Jung Huang,2017年6月6日,5, 揪團不錯用,有無科技2017年5月1日感謝您對我們的肯定，我們會持續加油!,2
915,劉上豪,2017年5月19日,2, 今天第一次使用，結果等了兩個小時東西才來，然後也都沒有通知，結果麵都糊啦！ 我的訂單編號後4碼5678,有無科技2017年5月22日您好:真的是非常抱歉，耽誤您的用餐時間，我們會與騎士確認發生問題，並家已改善，如日後有任何問題，歡迎撥打我們的客服電話02-89787707 分機761，我們將會立即為您處理，並感謝您的回饋。,0
916,Lingfan Chou,2017年4月27日,5, 外送員態度100分!,有無科技2017年5月1日非常感謝您對我們外送人員服務的肯定喔~我們會持續加油帶給大家更優質的服務!,3
917,廖佳萱,2017年4月21日,5, 請問滿多少才會免運呀？,有無科技2017年4月24日您好:您可以到【優惠店家】中查看有無店家優惠喔~之後我們也會不定期推出優惠活動，歡迎您加入我們的FACEBOOK粉絲團即時掌握優惠活動喔~,0
918,高偉智,2017年4月21日,5, 方便有效率,有無科技2017年4月24日非常感謝您的支持與肯定!,1
919,王秋宏,2017年5月10日,5, 貼心的服務品質，加油。,有無科技2017年5月15日您好:非常感謝您的支持與肯定喔~,1
920,蘇治世,2017年4月20日,5, 好用.方便.速度很快，送到手的食物都熱呼呼的跟在現場自己買回去一樣，外送員都非常的親切,有無科技2017年4月24日感謝您的肯定，我們會更努力提供大家更好的服務!,0
921,阿布,2017年4月20日,5, 服務跟外送人員很親切～只不過希望指定時間能更準確一點～,有無科技2017年4月24日非常感謝您的肯定，也感謝您的回饋，我們會盡快改善這方面的問題，謝謝您,1
922,吳彩燕,2017年4月20日,5, 很多店家有優惠    很好用  很推薦,有無科技2017年4月17日非常感謝您的支持與肯定!,3
923,小美陳,2017年4月20日,5, 動作超快，服務佳,有無科技2017年4月24日感謝您的支持~我們會持續努力做得更好,0
924,Dennis Chang,2017年4月20日,5, 好用,有無科技2017年4月24日感謝您的支持~,0
925,吳健弘,2017年4月12日,5, 這App真的很方便 ! 比以往類似的程式或公司都好，很推薦這個App，餐點很多元、外送人員很親切且服務周到、操作方式容易上手，是個相當好用與方便的App,有無科技2017年4月17日非常感謝您的支持與肯定!,3
926,vok Lai,2017年4月18日,1, 訂購居然說我的手機號碼被用掉了，有沒有做檢查認證，爛透了,有無科技2017年4月24日您好:造成您使用上的不愉快在此向您道歉，如有使用上的問題，歡迎與我們聯繫：02-89787707 分機761，並非常感謝您的留言以及對我們產品的建議，我們將盡快改善！,0
927,Google 使用者,2017年4月12日,5, 讓我免於斷糧的超實用app 支持！,有無科技2017年4月17日非常感謝您的支持與肯定!,0
928,Google 使用者,2017年4月12日,5, 很方便的App喔,有無科技2017年3月1日非常感謝您的支持與肯定!,3
929,Google 使用者,2017年4月11日,5, 服務好，餐飲優惠多,,2
930,GengBang Xu,2017年4月14日,1, 已刪除，找不到特約企業優惠。,有無科技2017年4月17日您好:造成您的困擾很抱歉，如有任何問題，歡迎撥打我們的客服電話：02-89787707 分機761，非常感謝您的留言以及對我們產品的建議，我們將盡快改善！,1
931,蔡祈生,2017年4月12日,5, 很好用的APP ，服務很好的外送團隊，素質很優，很推薦。,有無科技2017年4月17日非常感謝您的支持與肯定!,0
932,姚懿,2017年4月13日,1, 新莊沒送就算了，為什麼連實踐大學也沒送……,有無科技2017年4月17日您好:目前服務範圍為信義區、大安區、中山區、中正區、萬華區、松山區、大同區與天母地區，造成您的困擾很抱歉，如有任何問題，歡迎撥打我們的客服電話：02-89787707 分機761，非常感謝您的留言以及對我們產品的建議，我們將盡快改善！,0
933,FiFi尤,2017年4月19日,5, 處理事情快速，很好,有無科技2017年4月24日非常感謝您的肯定,1
934,ning,2017年3月27日,1," 被放好多次鴿子了，通知方式也只有電話，萬一沒有接到還要進app看狀態才知道是已退款，實在很不友善，相比較之下會選擇別的外送app,希望能加油",有無科技2017年3月29日您好：抱歉造成您的困擾，我們會全力嚴格把關讓此問題不再發生。通知方式我們目前已研擬其他種通知方式，但電話部分會持續保留，因需要確認用戶的確有收到目前最新狀態，但我們會增加其他種通知方式做輔助。感謝您的建議，我們會盡快改善！,4
935,CHAN KUMA,2017年3月24日,3, 有漏單...導致比約定時間完半小時 還有改進空間,有無科技2017年3月29日您好：抱歉造成您的困擾，我們會全力嚴格把關讓此問題不再發生。感謝您的建議，我們會盡快改善！,2
936,Yixiu LIN,2017年3月28日,1, 都找不到地點是？可以不要只回覆好的留言嗎，這就是你們的態度嗎,"有無科技2017年3月29日您好：因為我們目前外送區域為台北市及桃園區，若您搜尋您的外送地點，顯示目前沒有外送的話，代表目前還沒有拓展到您的區域。我們會盡快開拓服務範圍，還請您稍稍等待了！

如有任何問題，歡迎撥打我們的客服電話：02-89787707 分機761，非常感謝您的留言以及對我們產品的建議！",0
937,Yun Yen Lee,2017年3月25日,3, 我住市區附近，但是我家不送,"有無科技2017年3月29日您好：能否提供您的地址給我們，
我們可以幫您查一下您住的區域是否有外送？
可寄信至：s361817@yo-woo.com
或電話聯絡：02-89787707 分機761
謝謝您！",0
938,Yen Ice,2017年3月25日,1, 沒有中壢區==,有無科技2017年3月29日您好～   我們會盡快開拓桃園各地區，還請您耐心等待了，不好意思！我們會盡快加快腳步努力拓展滴！,3
939,Google 使用者,2017年3月22日,5, 很棒的平台!!謝謝~~,有無科技2017年3月27日非常感謝您的支持與肯定!,2
940,盧宣丞,2017年3月24日,1, 1.收不到驗證碼 2.企業特約店家能否放置home選單下單或是「常送店家」是否有加入我的最愛的功能,"有無科技2017年3月29日您好：
收不到驗證碼的部分，能否請您提供您的資料，讓我們幫您查詢看看，謝謝您！
信箱：s361817@yo-woo.com
電話：02-89787707 分機761

謝謝您的建議，企業特約店家及我的最愛功能我們會放入我們的功能開發裡，看能否提供更好的使用體驗，謝謝您的建議與回饋！",2
941,Kevin Chao,2017年3月17日,5, 用了之後我每天考試都考一百分阿,有無科技2017年3月20日非常感謝您的支持與肯定!,1
942,王鈺婷,2017年3月24日,1, 更新的太頻繁了，可以乾脆更新完全一點再上線嗎！幾乎每次打開就要更新，搞得每週都在更新，有時急著要看訊息，還要等更新！使用者無時無刻都要更新，很不方便耶！,"有無科技2017年3月29日您好：因我們定期會更新新的功能給用戶，希望能提供更多更好的服務，抱歉造成您的困擾！我們會檢視檢討我們更新的頻率，提供大家最好的服務跟體驗。

感謝您的建議與回饋！",0
943,Cyndi Shih,2017年3月16日,5, 外送人員送餐品質服務佳,有無科技2017年3月20日非常感謝您的支持與肯定!,1
944,江曜明,2017年3月2日,5, 服務態度好速度佳,有無科技2017年3月13日非常感謝您的支持與肯定!,2
945,廖星凱,2017年3月17日,5, 方便揪團! 對店家0成本支出,有無科技2017年3月20日非常感謝您的支持與肯定!,0
946,陳冠佑,2017年3月17日,5, 在地便利生活好幫手,有無科技2017年3月20日非常感謝您的支持與肯定!,0
947,陳紹鵬,2017年3月17日,5, 很棒的app 讚！我很喜歡！,有無科技2017年3月20日非常感謝您的支持與肯定!,0
948,又文范,2017年3月14日,4, 希望能增加早餐,有無科技2017年3月20日您好；我們會盡快增加早餐服務喔,1
949,張凱智,2017年3月17日,5, 非常便利，外送夥伴辛苦了,有無科技2017年3月20日非常感謝您的支持與肯定!,0
950,Celine,2017年2月27日,2, 合作店家很少,有無科技2017年3月1日感謝您的問題回饋，如有推薦的店家，歡迎加入我們的【有無社區 有無快送】之line@，推薦店家給我們喔~,3
951,莊琇雯,2017年3月20日,5, 很棒哦！加油加油！！,有無科技2017年3月20日非常感謝您的支持與肯定!,0
952,林正哲,2017年3月17日,5, 讚啦！選對公司！,有無科技2017年3月20日非常感謝您的支持與肯定!,0
953,Cheng Tiger,2017年3月17日,5, 真的是太方便了啦～,有無科技2017年3月20日非常感謝您的支持與肯定!,0
954,許順吉,2017年3月17日,5, 神！,有無科技2017年3月20日非常感謝您的支持與肯定!,0
955,邱繼立,2017年3月3日,5, 真的很棒的服務,有無科技2017年3月13日非常感謝您的支持與肯定!,0
956,惠雅楊,2017年3月17日,5, 方便很滿意,有無科技2017年3月20日非常感謝您的支持與肯定!,0
957,letmenotpray,2017年3月17日,5, 就是好棒棒,有無科技2017年3月20日非常感謝您的支持與肯定!,0
958,游美珠,2017年3月3日,5, 很方便，有效率,有無科技2017年3月13日非常感謝您的支持與肯定!,0
959,Google 使用者,2017年3月17日,5, 真的好用，希望店家愈來愈多!!!!,有無科技2017年3月20日非常感謝您的支持與肯定!,0
960,Miki Maggie,2017年11月2日,3, 地下街會送下來嗎？,"有無科技2017年11月6日Dear Miki Maggie,

當然會呀･ิ≖ ω ≖･ิ✧
只要你下訂可以明確告知你在哪個地下街(ﾉ◕ヮ◕)ﾉ*:･ﾟ✧哪個攤位(ﾉ◕ヮ◕)ﾉ*:･ﾟ✧攤位號碼(ﾉ◕ヮ◕)ﾉ*:･ﾟ✧
我們就可以找到你唷(✧≖‿ゝ≖)",0
961,陳昱仁,2017年3月17日,5, 很方便,有無科技2017年3月20日非常感謝您的支持與肯定!,0
962,Google 使用者,2017年3月17日,5, 非常方便,有無科技2017年3月20日非常感謝您的支持與肯定!,0
963,lee Rex,2017年3月17日,5, 非常方便,有無科技2017年3月20日非常感謝您的支持與肯定!,0
964,張孔明,2017年3月17日,5, 超讚的,有無科技2017年3月20日非常感謝您的支持與肯定!,0
965,林豐建,2017年3月17日,5, 很不錯,有無科技2017年3月20日非常感謝您的支持與肯定!,0
966,JuiHung Yen,2017年3月17日,5, 方便使用,有無科技2017年3月20日非常感謝您的支持與肯定!,0
967,嚴健文,2017年3月17日,5, 只有好,有無科技2017年3月20日非常感謝您的支持與肯定!,0
968,Jimmy Chiu,2017年3月17日,5, 太方便了。。。,有無科技2017年3月20日非常感謝您的支持與肯定!,0
969,楊小涼,2017年3月17日,5, 好用,有無科技2017年3月20日非常感謝您的支持與肯定!,0
970,Google 使用者,2017年3月17日,5, 好玩,有無科技2017年3月20日非常感謝您的支持與肯定!,0
971,Kai Hsu,2017年3月17日,5, 實用,有無科技2017年3月20日非常感謝您的支持與肯定!,0
972,Abie Yu,2017年2月16日,4, 1、希望可以增加「搜尋」功能，直接搜尋想要的店有無配合，有時要一個個找，有點累。 2、希望有「目前仍可提供外送店家」的選項，不然有時點的很開心，結果已超過外送時間。,有無科技2017年3月1日感謝您的建議，我們會盡快改善,4
973,ctlori ibmi,2017年2月18日,5, 速度很快，服務態度很棒,有無科技2017年3月1日非常感謝您的支持與肯定!,3
974,張庭綱,2016年12月7日,5, 非常快速  常會提早到不用等太久,有無科技2016年12月19日感謝您的支持與肯定~,2
975,Google 使用者,2016年12月11日,1,可惜 希望桃園市有提供外送服務,有無科技2016年12月19日您好:我們預計將在明年第一季開始提供桃園市，桃園區部分區域的送餐服務，謝謝您的支持,0
976,梅蒂姆,2016年12月4日,1, 我們家這邊沒外送…,有無科技2016年12月5日對於我們的服務尚未覆蓋您所在的區域，我們感到萬分的抱歉，如果方便您可以到我們的官網或ＦＢ留言，告訴我們您所在的區域，我們將加快腳步努力讓大家都能享受到我們的服務。,0
977,Steven Chang,2017年1月4日,5, 超讚的,有無科技2017年1月4日非常感謝您的支持與肯定!,1
978,黃泰維,2016年11月20日,5,請問一下 如果在不同社區可以更改嗎？,有無科技2016年11月22日您好：轉換社區之詳細需求，我們有專人為您處理，歡迎您可到我們的FB與我們聯繫，或撥打我們的客服電話：02-89787707 分機761，非常感謝您的留言以及對我們產品的鼓勵！,0
979,Limited Tanigawa,2016年11月26日,5, 超方便 超快速,有無科技2016年12月19日感謝您的支持與肯定!!!,2
980,Colin Jao,2017年4月6日,1, 構想不錯，介面也容易使用，只是最重要的送餐速度太慢！ 第一次訂餐等了一個多小時才來……！什麼感覺都沒了！  今天再次使用竟然一直認證出現錯誤、明明是用自己的電話、卻說有人使用要換一組！真是莫名其妙！,"有無科技2017年4月10日親愛的使用者您好：
非常感謝您的建議與回覆！
我們將進行檢討與改善。
另外電話的部分，因更新的問題，要麻煩您重新下載後再使用""已有帳號""中的""電話登入""的方式重新進行登入喔，再麻煩您了",0
981,張嘉真,2016年10月18日,5,選項建議 外送服務嘉惠了在家帶孩子不方便出門的全職媽媽們，為了響應環保希望可以增加不需要餐具的選項，麻煩你們唷！,"有無科技2016年10月19日親愛的使用者您好：
非常感謝您的建議與鼓勵！
我們會把您的建議納入未來功能開發選項考量～
但在有這個功能前，您可以在訂單確認頁的「備註」欄位填寫「不需要餐具」的備註，我們的服務人員將會盡量按照您的備註來處理，謝謝您！

若您對本產品仍有疑問，敬請來信至yowooservice@yo-woo.com，我們將儘快為您服務，謝謝！",1
982,餅,2016年10月14日,1,不給發票+不找錢的服務...... 替媽媽訂  我拿1050付450 騎士就擺爛擺臭臉說沒錢找 大概是嫌下雨天（小雨 非颱風暴雨）訂的單錢太少吧   不是主打一份也送嗎？一人吃450算少？我進屋兩次找零錢但就是沒有 好不容易翻到一張500才解決  僵持不下 今天要是我訂1450，2450 然後拿兩三千付，你們還是不是沒錢找？ 想一想吧。騎士接著口氣不良說：“你有用大鈔應該要先備註好啊！” 哇塞所以我叫外賣要用甚麼鈔票都要先跟你們通知 這種對客戶的特殊需求怎麼沒標示？ 你們有沒有想過其他外賣公司都怎麼活的？找錢是你們的責任吧？今天  我不是用1000買一兩百的東西耶       電話反應一次後本來沒事算了！  結果客服又打來一次（…完整評論替媽媽訂  我拿1050付450 騎士就擺爛擺臭臉說沒錢找 大概是嫌下雨天（小雨 非颱風暴雨）訂的單錢太少吧   不是主打一份也送嗎？一人吃450算少？我進屋兩次找零錢但就是沒有 好不容易翻到一張500才解決  僵持不下 今天要是我訂1450，2450 然後拿兩三千付，你們還是不是沒錢找？ 想一想吧。騎士接著口氣不良說：“你有用大鈔應該要先備註好啊！” 哇塞所以我叫外賣要用甚麼鈔票都要先跟你們通知 這種對客戶的特殊需求怎麼沒標示？ 你們有沒有想過其他外賣公司都怎麼活的？找錢是你們的責任吧？今天  我不是用1000買一兩百的東西耶       電話反應一次後本來沒事算了！  結果客服又打來一次（不同人 而且講話讓人生氣）解釋說其他人都訂大單一兩千、零錢剛好用完  所以沒錢找 理由很多阿我可以接受 但還是要會處理啊？ 為什麼當時不回去補零錢（打給我的當下還說騎士正在回去補零錢  真是自打嘴巴 明明可以做但就不做）？ 不會再用這種app服務。這也是N年叫外賣第一次碰到這種狀況。不想為難騎士 但態度真的差 配套沒做好  誰碰到誰倒楣 （突然想起來叫這個外賣都沒拿過店家的發票 怎麼回事？還是我搞錯什麼了 會請人調查）,有無科技2016年10月17日潘小姐您好，很抱歉我們的服務造成您的困擾，我們已做了深切的檢討，並將儘快向您說明我們的處理結果，謝謝您給予的指教。,1
983,李庭萱,2016年10月11日,5,超級方便 超棒,,0
984,Maggie Tsai,2016年10月8日,5, 非常好用,,0
985,張小媜,2016年9月21日,5, 想請問如何成為特約商家??..謝謝,"有無科技2016年10月4日親愛的使用者您好：
非常感謝您的建議與回覆！
很抱歉造成您的困擾，要成為有無快送服務中的一個店家嗎，可以直播客服電話：02 89787707 會有專人引導您完成作業。
若您對本產品仍有疑問，敬請來信至yowooservice@yo-woo.com，我們將儘快為您服務，謝謝！",1
986,郭芳廷,2016年8月13日,1,"佈告欄無法發佈訊息 , 不好用 。 也無法直接列印訊息 , 遜 !","有無科技2016年8月17日親愛的使用者您好：
非常感謝您的建議與回覆！
很抱歉造成您的困擾，向您說明一下，「有無社區」是主要提供給社區使用之專屬行動服務平台，以社區為單位，社區之住戶可進行帳號申請，開通之後即可登入使用。
「有無社區」希望能做到無紙化之社區管理，故一般前台APP未提供列印訊息之功能，若您需要列印佈告欄之訊息，可以告知社區之管理人員，於管理後台進行列印。
若您對本產品感興趣，敬請來信至yowooservice@yo-woo.com，我們將儘快為您服務，謝謝！",0
987,Liu v,2016年4月26日,1, 搞了半天根本沒開放使用，卻有好幾個五星評價?大概是內部人員自己評的吧？,"有無科技2016年4月28日親愛的使用者您好，非常感謝您的建議回覆。
很抱歉造成您的困擾，與您說明本產品主要提供社區使用之專屬行動服務平台，以社區為單位進行帳號申請，開通後即可登入使用。
若您對本產品感興趣，敬請來信至yowooservice@yo-woo.com，我們將儘快為您服務，謝謝！",3
988,雪色小貓咪,2018年11月14日,1, 我們是旅行社，中午公司有供餐，想說可以吃到無外送店家的美食，結果竟然說此區未提供外送服務。我們是在熱鬧的中和員山路上，國際牌及積穗國小都在這條路上，瞬間傻眼。,有無科技2018年11月15日員山路上的豆花超好吃，小編也喜歡!!!希望能快點擴區服務到您唷!,1
989,許小黑,2018年7月23日,1, 配送員很差勁，叫來的不是錢算錯，不然就是餐點散落一地，連客服都態度差勁，叫了N次了，很少不出包的，完全不靠譜啊啊啊啊！,,1
990,富貴貴富,2017年8月13日,1, 第一次使用有無快送但不知道首購可以折扣5O元但我以經購物了，在有無快送社團看到有首購折扣 第二次購物就不能享有折扣了  這樣機式不便民  而且免運金額太高,"有無科技2017年8月14日哈囉 親愛的民富您好，

什麼?!您沒使用到首購優惠嗎，怎麼會這樣!!
首購優惠，是為了讓沒使用過有無快送的大家，特別提供的初始用優惠，
快快快，請快到line@告訴客服，請客服為您專案處理。

關於免運金額，容小編為您咬咬耳朵，
為了讓大家有更多餐廳可以選擇，您在APP上看到的店家，很多都還是非簽約店家，
有無快送可以先餓肚子不賺取費用(小編每天早上只吃茶葉蛋，晚餐只吃科學麵)(╥﹏╥)，
但是不能餓了送餐騎士的肚子，尤其送餐騎士還有家庭要養(〒︿〒)，運費是要提供給辛苦送餐騎士的養家薪資，
參考過相關業者及其他餐飲的外送費用，我們為了讓大家享用服務又不想讓大家有負擔，才訂定合理免運金額唷。

若您還有其他想了解的，請至Line@和小編聊聊唷!
line@，請搜尋:有無快送。",0
991,一笑三百年,2017年12月23日,1, 運費動不動就漲，運費也不便宜，台北市這麼多賣吃的，我自己去買就好，不會再用你們的外送了,"有無科技2017年12月25日Dear一笑三百年,
我們的運費是依距離或促銷活動機動調整的( ͡° ͜ʖ ͡°)
不是一直都是向上漲的(委屈哭哭) (☍﹏⁰)
台北市吃的東西很多(✪ω✪)
但有時總是會發懶不想出門_:(´□`」 ∠):_
或是有真的不方便出門的狀況( ´･･)ﾉ(._.`)
有無快送會通通不辭辛勞幫您送到家唷‹‹\(´ω` )/››‹‹\( 　´)/››‹‹\( ´ω`)/››",1
992,Ann Chen,2018年8月16日,5, 五顆星++這麼好用的外送app我竟然最近才用 首購快來輸入我的優惠碼01732031,,0
993,柳燕儒,2017年4月22日,1, 服務態度差 1.明明有地址卻說沒地址 2.湯灑的整袋都是 問外送員卻說只丟了一句應該吧 3.給了錢說沒錢找還要我們自己想辦法生給他,有無科技2017年4月24日您好:造成您使用上的不愉快在此向您道歉，針對您反應的幾個問題我們將會加強輔導送餐員並盡快改善，之後如有任何問題歡迎與我們聯繫：02-89787707 分機761，並非常感謝您的留言以及對我們產品的建議，我們將盡快改善！,0
994,Kuei-Ching Chang,2019年4月18日,5, 快輸入我的優惠碼12880210就可獲得《有無外送》首購折抵NT$100優惠券，兌換後30天內都可以使用,,0
995,yulin攸里,2017年8月28日,5, 雖然我家沒有辦法外送，但是我看小編回其他人的留言很認真，這五顆星是給小編的，加油喔，希望以後你們真的能全台灣都能送,"有無科技2017年8月28日(灬ºωº灬)
好害羞唷，這樣光明正大誇獎小編，小編一定要再約老闆喝咖啡，讓老闆請【五星小編】星巴克｡:.ﾟヽ(*´∀`)ﾉﾟ.:｡
以後我就是您專屬的【五星小編】唷。有任何問題，請line@跟小編說，小編盡速為您解決唷(*´∀`)~♥

為全台灣服務是我們的目標唷，小編為鞭策公司的，請您跟我一起監督公司，加油＼＼\\٩( 'ω' )و //／／",0
996,Esthet Dong,2019年1月30日,1, 買2杯飲料結帳金額140，送來後我拿剛好的金額給他，和我說他有買袋子；所以是要收141…先斬後奏是怎樣？ 送貨員素質真是爛到爆！,有無科技2019年2月1日抱歉造成您不好的使用體驗😣倘若再次發生未告知到情況可以立即到LINE@跟小編反應哦,0
997,林奕羽,2019年1月25日,1, 媽 根本不給訂 說附近無法送 可以再爛一點嗎？,有無科技2019年1月25日若您輸入位置後無顯示店家就是您的位置不在服務範圍內哦唷～還請您見諒(｡･ω･｡),1
998,廖Eric,2019年5月18日,4, 方便也很好用，但送達時間略超過估計值一點點（幾分鐘而已），已經算很不錯了。後續，可考量將送達時間的推算準度放寬一些，才會比較符合。,有無科技2019年5月23日編會將您的建議轉給相關單位喔~~~~,0
999,maggie hsu,2018年9月28日,1, 一早就訂餐了，等時間不到一小時就說沒辦法送，連兩次，所以蠻爛的,,1
1000,張清涼愛玉,2017年6月16日,2, 前一天訂的單，隔天遲到了一個小時還沒送達，客服也一直打不進去 反而早上訂的單準時送達,有無科技2017年6月19日您好:很抱歉造成您的困擾，關於遲到的部份我們會加強改善，並提升我們的服務品質，如日後有相關問題也歡迎您與我們聯繫02-8978-7707，在此再次對您深感抱歉。,0
1001,徐亞璐,2019年5月1日,3, 範圍區太小，差一條路就是訂不到😒 有回覆認真經營，改給3顆星星😉,有無科技2019年4月24日很抱歉😔目前採部分開放喔,0
1002,Hsiang-Lin Liu,2017年4月20日,5, 多樣化平價店家  揪團下午茶方便 好用的app 大力推薦,有無科技2017年4月24日謝謝您的鼓勵，我們會更努力提供大家更好的服務!,1
1003,无名氏wuming,2019年4月8日,1, 希望扩大服务范围 明明才差不到1公里却无法送餐 悲,有無科技2019年4月16日不好意思～目前僅開放部分區域唷,0
1004,Jessica Wu,2019年5月1日,2, 說蘆洲不是外送地區。。。 蘆洲沒有這麼偏鄉好嗎～只好解除安裝用別的app了,有無科技2019年5月4日很抱歉ಥ_ಥ編會轉達內部相關單位爭取擴區,0
1005,林林,2019年4月5日,5, 非常好，外送人員都很親切，如果下訂的店家臨時沒開也會打電話告知，很棒,,0
1006,省錢王,2017年4月4日,1, 一次說系統沒收到單，三次店家說沒開，吃我優惠碼兩次，叫我重訂，優惠碼又不還我！爛,有無科技2017年4月5日您好:造成您的困擾很抱歉，如有任何問題，歡迎撥打我們的客服電話：02-89787707 分機761，與您確認狀況後我們會再補給您優惠券的部分，非常感謝您的留言以及對我們產品的建議！,0
1007,王琮穫,2019年5月1日,3, 還沒用，現在是只有開那個地區阿，在聖保祿醫院的地方也沒可選的店家。,有無科技2019年5月4日您好 目前皆採部分區域開放～可於app上方欄位輸入地址確認是否在可配送範圍唷,0
1008,Google 使用者,2019年2月10日,1, 查的地方外送竟然沒有，又不是什麼偏僻地方，別家app都有很多外送的店…,有無科技2019年2月10日若您輸入地址後無法查看店家就是不在服務範圍內哦！希望之後有機會為您服務,0
1009,Ihong Chen,2016年9月3日,5,"方便好用 一份也送,真的滿有創意的...app使用起來也很流暢快速。相當推薦!!",有無科技2016年9月13日謝謝您的回饋！我們會繼續努力！！,0
1010,歐莉佳Oliga,2019年5月26日,2, 想知道什麼時候APP可以支援新北市? 比如鄰近台北市的少數地區範圍?,,0
1011,Google 使用者,2017年8月31日,3, 不是說是在高雄嗎？看網頁上是說高雄還是我看錯，因為感覺看到ㄉ店家沒有高雄ㄉ啊？,"有無科技2017年9月4日Darling,

目前我們還沒到高雄耶(〒︿〒)但不久的將來，我們會擴展到全台灣唷，高雄絕對是不能錯過的重點城市ξ( ✿＞◡❛)
快快跟小編推薦高雄必吃美食，也可以加入line@偷偷跟小編說您的私藏口袋名單喔(✪ω✪)

粉絲專用頻道→Line@，請搜尋：有無快送",0
1012,洪寶寶,2019年5月2日,1, 我住台北南港啊！卻說無法送到我這邊，不是說可以送到南港區？怒刪。,有無科技2019年5月4日不好意思～南港區目前採部分開放,0
1013,馮建威,2019年2月24日,1, 外送員口氣極差，詢問時還說跟我廢話那麼多,有無科技2019年3月3日什麼😱可以到LINE@跟小編說是哪位騎士唷！小編一定請主管再行教育訓練,0
1014,假柒,2019年4月6日,2, 餐廳選擇少，預計送餐時間長 求平台多多增加選擇性,有無科技2019年4月16日有喜歡的店家可以推薦給我們唷(˶‾᷄ ⁻̫ ‾᷅˵),0
1015,寶寶比比,2018年1月19日,2, 沒啥外送的店 有的店家已倒了還在上面,"有無科技2018年1月22日Dear寶寶比比, 
怎麼會呢？小編覺得我們的外送店家超級多的耶！ (´⊙ω⊙`)
還是寶寶比比您住的地方還不是我們的外送區域呢 (*´･д･)?
我們會努力開發更多的外送區域和店家唷！請耐心等候♡(*´∀｀*)人(*´∀｀*)♡
店家是否有營業的部分，我們會努力檢查 (｡ŏ_ŏ)
如果您有發現我們漏掉的，煩請不吝告知，謝謝您 (　ﾟ∀ﾟ) ﾉ♡",0
1016,劉芳妤,2018年11月29日,1, 新北投怎麼沒有辦法外送呢 都搜尋不到,有無科技2018年11月29日您好 若您輸入地址後無法查看店家就是不在服務範圍內唷~小編會轉達內部爭取擴區的可能性!!希望以後有機會為您服務，謝謝。,0
1017,IVAN CHEN,2019年5月30日,3, 汐止長興街二段，是屬于新北市，APP系統卻歸在基隆市，沒有外送服務，好怪。,,0
1018,la tour,2018年3月16日,2, 好無言的app，內容陽春 我用google地圖不就好了,,0
1019,三重朱孝天,2018年10月1日,1, 外送員送到家裡下樓，需自己下樓取餐，第一次遇到,有無科技2018年10月8日很抱歉讓您有不愉快的體驗，小編會轉達營運單位重新教育訓練，若有遇到相同狀況，還請您撥打客服電話或與LINE@小編反應，非常感謝您提供寶貴的建議。,0
1020,Google 使用者,2017年1月3日,4, 請問住石牌地區有送嗎？還有我家不是住社區，是住公寓，且住一個人，這樣有服務嗎？,"有無科技2017年1月4日您好:石牌地區我們是有做外送服務的，只要您下載app後選擇""外送服務""即可使用，如有問題，歡迎來電至02-8978-7707",0
1021,雲離,2019年6月2日,1, 寫什麼我家這有在服務範圍 根本騙人,,0
1022,HanBo Ho,2018年12月9日,5, 帳號的建立跟登入可以改善 發票可以改載具登入,有無科技2018年12月10日收到!!謝謝您的建議~~~,0
1023,sebrina gao,2017年5月17日,1, 明明是信義區，輸入地址卻顯示不在服務範圍，搞屁啊,有無科技2017年5月22日您好:真的是非常抱歉造成您的困擾，歡迎您撥打我們的客服電話02-89787707 分機761，我們將會立即為您處理，並感謝您的回饋。,0
1024,AD Chen,2019年5月17日,1, 使用規範看了十幾次還是要不到驗證碼！,有無科技2019年5月17日輸入手機號碼後會傳送驗證碼給您喔！如果還是不行可到LINE@請編確認,0
1025,王毓婷,2017年6月20日,1, 地址不能外宿 ，若可以外送時會更改評價,"有無科技2017年6月26日您好:
感謝您的回饋，我們會盡快進行拓展作業",0
1026,Chun Bo,2018年4月2日,5, 超好用 超方便 價格又很優惠 超棒,有無科技2018年4月3日(๑´ㅂ`๑),0
1027,肥宅陽光,2019年3月31日,1, 八里區空白一片，最需要服務的偏遠地區沒有服務,有無科技2019年4月4日抱歉&gt;~&lt;八里不在服務範圍內唷 小編會轉給內部爭取擴區,0
1028,Google 使用者,2018年6月15日,4, 希望可以不定時推出免運費活動,,0
1029,Hsuan Wu,2017年8月8日,1, 服務很差，會請客戶取消訂單或換家訂。,"有無科技2017年8月14日哈囉 親愛的Hsuan Wu您好，

很抱歉，造成您使用的不愉快。
說到這個，請聽一下小編得滿滿無奈抱怨╮(╯_╰)╭
APP架上的店家，很多是非簽約店家，所以不能品質管控，
小編真得很討厭明明有上班卻不接電話的店家，還有跟我們說有上班卻又沒上班的餐廳，
每次看到訂餐人員滿臉欣喜的接訂單，打電話訂餐，結果碰壁，要再跟用戶協調餐點，真的對用戶深感抱歉，

小編超懂明明就想吃這家想喝這個，沒有賣幹嘛還要上架，小編超級懂得，真的會超級怒，怒到不行。
自從接觸這行業之後，親眼見到訂餐人員的無奈，其實還蠻心疼他們的，

求求餐廳好朋友，可以讓我們的用戶可以吃到心滿意足的餐點，拜託!",0
1030,李蒍妤,2017年4月28日,2, 為什麼一般公寓說不支援外送？ 才剛下載就沒辦法用=_=,有無科技2017年5月3日您好:一般公寓我們也使有提供外送服務的喔~如有任何問題，歡迎撥打我們的客服電話：02-89787707 分機761，以便我們可以了解您的問題所在喔~,0
1031,D Dfh,2019年3月24日,4, 優惠碼:95096958 輸入現領100元抵用券,,0
1032,Wang Lisa,2018年1月4日,1, 三重沒半間外送店家,"有無科技2018年1月8日Dear Wang Lisa ,
再等我們一下下嘛 ٩(ŏ﹏ŏ、)۶
我們有很努力在準備了喔 (๑•̀ㅂ•́)و✧
等有足夠的騎士和夠多的店家選擇 (*´ω`)人(´ω`*)
我們就會開區了！ (ง๑ •̀_•́)ง",0
1033,Mimi Lo,2018年12月9日,5, 輸入折扣碼：11060947可折100元喔！,,0
1034,nancy lin,2019年5月16日,5, 首購輸入38250003，可以折100唷,,0
1035,小風,2017年4月18日,1, 騙人說給優惠碼,有無科技2017年4月24日您好:造成您使用上的不愉快在此向您道歉，希望您能與我們聯繫：02-89787707 分機761，讓我們有補償您的機會，並非常感謝您的留言以及對我們產品的建議，我們將盡快改善！,0
1036,Karen Hsieh,2017年3月29日,1, 移除app後還是一直傳簡訊來，如何取消？,"有無科技2017年3月29日您好：因我們偶爾會寄發優惠訊息給老客戶，提供好的優惠給大家。造成您的困擾很抱歉，能否寄信到客服信箱s361817@yo-woo.com，告知我們您的手機，我們將確保不會再發送訊息到您的手機，謝謝您！

如有任何問題，歡迎撥打我們的客服電話：02-89787707 分機761，非常感謝您的留言以及對我們產品的建議！",0
1037,yi zen wu,2017年6月8日,3, 地區無法定位 好難過qqq,有無科技2017年6月12日您好:，造成您的困擾我們深感抱歉，如有任何問題，也歡迎您撥打我們的客服電話02-89787707 分機761，與我們反應，感謝您的回饋,0
1038,Jason su,2019年3月3日,1, 你輸入的地址尚未提供外送服務....好吧 我住新莊算是鄉下地區....刪了吧！,有無科技2019年3月5日編會轉達內部爭取擴區der(｡･ω･｡),0
1039,Google 使用者,2018年8月25日,1, 爛什麼都不能選,,1
1040,愛布丁,2017年5月8日,1, 提供幾個地址搜尋，都說附近無服務,有無科技2017年5月8日您好:目前有無快送開放服務的區域為：台北市萬華、中正、信義、大安、中山、中正、松山七個行政區、天母地帶及桃園市桃園區，不知道您的所在區域是哪裡呢?如有任何問題，歡迎撥打我們的客服電話喔~：02-89787707 分機761,0
1041,許仙,2018年7月27日,5, 輸入優惠碼76906320，獲得105元，大家一起賺~,,0
1042,Jerry Hsu,2018年10月1日,1, 竹北市不在新竹市喔，是在新竹縣,,0
1043,楊小田,2017年4月18日,1, 爛  還我優惠券,有無科技2017年4月24日您好:造成您使用上的不愉快在此向您道歉，希望您能與我們聯繫：02-89787707 分機761，讓我們有補償您的機會，並非常感謝您的留言以及對我們產品的建議，我們將盡快改善！,0
1044,VIP聯名美學盟,2018年8月28日,5, 比uber eats好用太多了,,0
1045,曹純愷,2018年2月5日,4, 應用程式要求的權限好像有點太多了？,"有無科技2018年2月12日dear曹純愷
為了提供你更好的服務，我們只索取服務流程中必要的功能權限",0
1046,Google 使用者,2019年4月1日,4, 無法購買多間商品，合併運費,"有無科技2019年4月4日您好,一張訂單限定一家餐廳唷~不好意思",0
1047,盧浩文,2017年4月20日,5, 盧羿伶請客啊！,有無科技2017年4月24日謝謝您的回饋喔~,0
1048,Man Kit Lai,2019年5月4日,1, 支援地點太少！,有無科技2019年5月10日不好意思目前採部分開放😔希望之後有機會擴區為您服務,0
1049,sora natsu,2018年7月5日,5, 折扣碼：87777605 歡迎使用,,0
1050,田中玲子,2018年9月26日,5, 希望有~桶仔雞~和晚上外送至1200,,0
1051,Google 使用者,2017年11月27日,5, 需要常常有優惠讓我一直努力訂 😁😁😁,"有無科技2017年11月27日Darling,

小編也在天天等優惠(´～`)
行銷部門很神秘(⁰⊖⁰)
茶水間有打聽到再跟你說ლ(◉◞౪◟◉ )ლ
另外優惠都會在Line@發布喔(≖ᴗ≖๑)

請搜尋，官方line@：有無快送",1
1052,小徐,2018年12月25日,1, 在新店市區、木柵市區，都顯示沒有服務,有無科技2018年12月26日大台北地區採部分開放RRRRR,0
1053,王嘉惠,2019年2月28日,5, 送貨附 服務很好,,0
1054,周秉弘,2019年5月2日,1, 爛，客服處理速度也很慢,有無科技2019年5月4日怎麼了🤔可以到LINE@跟小編反應唷,0
1055,紀錦珠,2019年5月2日,2, 沒有台中大里區,有無科技2019年5月4日您好 目前台中地區僅開放西屯區,0
1056,Fray Alice,2019年3月8日,2, 優惠只有北部可以使用…,有無科技2019年3月10日目前優惠活動適合北北桃唷,0
1057,瞳。,2019年2月27日,1, 爛!!!!沒提供爛!,有無科技2019年3月3日您好～請問您是不在服務範圍內嗎🤔,0
1058,Google 使用者,2018年4月5日,1, 白忙，沒有內湖區,"有無科技2018年4月10日DAER 徐小雲
內湖區我們已開放部分區域了喔，可能您所在的地方剛好沒有服務到，沒關係，我們已在規劃中了喔~ 希望能盡快服務到您~",0
1059,Yue Tong Liu,2018年10月12日,1, 一直更新很煩,,1
1060,sandra雅,2018年7月21日,1, 客服謊話連篇,,0
1061,a40213x,2019年4月20日,1, 沒台中呵呵,有無科技2019年4月24日您好～目前台中只開放西屯區喔,0
1062,洪CANDY,2019年5月19日,5, 騎士態度很好,,0
1063,M.s. Tsai,2019年6月1日,3, 高雄可外送區是哪些？,,0
1064,栗子,2018年5月16日,5, 請問是貨到付款嗎？,"有無科技2018年5月21日hi~巧克力焦糖QoQ
我們可以選擇貨到付款與信用款的方式進行付款喔",0
1065,William,2019年6月2日,1, 爛 噁爛 真心爛,,0
1066,Mimi Wang,2017年6月2日,1, 三重沒有送，好失望。,有無科技2017年6月5日您好:目前我們已在規劃拓展到新北市地區，在麻煩您再稍等一下了，也歡迎您加入我們的facebook粉絲團，以便能即時得知我們的消息喔~感謝您的回饋,0
1067,Alex pan,2018年12月23日,1, 內湖區無法外送?,有無科技2018年12月23日內湖區採部分開放唷QQ,0
1068,楊明宗,2017年10月18日,5, 方便快速,有無科技2017年10月23日Dear楊明宗，小編在此感謝您的支持與肯定喔♪♫*•♪,0
1069,Google 使用者,2019年2月24日,5, 很好用,,0
1070,Google 使用者,2019年3月26日,5, 方便 準時,,0
1071,Ming-Xuan Ye,2019年1月3日,1, 不是每個地區都能送。。。,有無科技2019年1月4日小編也很想為您服務啊啊啊會轉達內部希望未來能擴區,0
1072,Hana Lin,2017年3月3日,5, 超級棒棒,有無科技2017年3月13日非常感謝您的支持與肯定!,0
1073,游.仲章,2018年10月10日,1, 只限定臺北地區，，，就不要宣傳成全台灣，，，,"有無科技2018年10月11日貴賓您好，目前服務地區為：台北市-信義區、大安區、南港區 萬華區、中正區、大同區、中山區、松山區
新北市-三重區、永和區、中和區、淡水竹圍區、新莊區、板橋區
桃園市-大有藝文地區、蘆竹南崁地區
新竹地區-竹北市、新竹市東區
很抱歉造成您的誤解，未來我們會努力希望能開放全台灣的服務，謝謝您保貴的意見。",0
1074,山豬張,2017年3月3日,5, Good,有無科技2017年3月13日非常感謝您的支持與肯定!,0
1075,劉勝瑀,2019年1月6日,5, 好用,,0
1076,王Samina,2019年4月26日,5, 😊,,0
